serial number,furnished status,facing,car parking,type of ownership,booking amount,buy total price
1,,,,,,7772014
2,,,,,,19241716
3,,,,,,19660100
4,,,,,,22420880
5,,,,,,22588200
6,,,,,,23006500
7,,,,,,26687540
8,,,,,,26771200
9,,,,,,27189500
10,,,,,,27607800
11,,,,,,28444316
12,,,,,,28444400
13,,,,,,28444400
14,,,,,,29030020
15,,,,,,29197340
16,,,,,,29281000
17,,,,,,29281000
18,,,,,,30116763
19,,,,,,30117600
20,,,,,,30786880
21,,,,,,30945834
22,,,,,,31622643
23,,,,,,31706303
24,,,,,,31789963
25,,,,,,31789963
26,,,,,,31790800
27,,,,,,32200650
28,,,,,,32501910
29,,,,,,32543740
30,,,,,,32710223
31,,,,,,33296680
32,,,,,,33380340
33,,,,,,33422170
34,,,,,,33455634
35,,,,,,34760730
36,,,,,,35555416
37,,,,,,35890140
38,,,,,,36810400
39,,,,,,37646163
40,,,,,,37647000
41,,,,,,37647000
42,,,,,,38064463
43,,,,,,38399940
44,,,,,,40148434
45,,,,,,41411700
46,,,,,,41746340
47,,,,,,41746340
48,,,,,,41821634
49,,,,,,43084900
50,,,,,,43494834
51,,,,,,43921500
52,,,,,,45168034
53,,,,,,45594700
54,,,,,,45966987
55,,,,,,45971170
56,,,,,,46013000
57,,,,,,47602540
58,,,,,,48104500
59,,,,,,48514434
60,,,,,,48941100
61,,,,,,49317570
62,,,,,,50112340
63,,,,,,50195916
64,,,,,,50196000
65,,,,,,51150561
66,,,,,,51869200
67,,,,,,52705800
68,,,,,,53124100
69,,,,,,54379000
70,,,,,,56043834
71,,,,,,57725400
72,,,,,,58185530
73,,,,,,58561582
74,,,,,,65673100
75,,,,,,69437800
76,,,,,,71111000
77,,,,,,72763285
78,,,,,,75210340
79,,,,,,82656080
80,,,,,,83576340
81,,,,,,83659916
82,,,,,,83660000
83,,,,,,96209000
84,,,,,,96209000
85,,,,,,104575000
86,,,,,,104575000
87,,,,,,112941000
88,,,,,,125490000
89,,,,,,166901700
90,,,,,,230065000
91,,,,,,288627000
92,,,,,,4601300
93,,,,,,5437900
94,,,,,,16731916
95,,,,,,18405116
96,,,,,,18405200
97,,,,,,18405200
98,,,,,,18823500
99,,,,,,19032650
100,,,,,,19241800
101,,,,,,19660100
102,,,,,,20069030
103,,,,,,20077563
104,,,,,,20078400
105,,,,,,20914916
106,,,,,,21751516
107,,,,,,23424716
108,,,,,,23424800
109,,,,,,23675780
110,,,,,,24261400
111,,,,,,24679700
112,,,,,,25089634
113,,,,,,25934600
114,,,,,,26352900
115,,,,,,26687540
116,,,,,,26771200
117,,,,,,27189500
118,,,,,,27607800
119,,,,,,28026100
120,,,,,,28026100
121,,,,,,28435030
122,,,,,,28444400
123,,,,,,28862700
124,,,,,,29071850
125,,,,,,29197340
126,,,,,,29222605
127,,,,,,29281000
128,,,,,,30117600
129,,,,,,30117600
130,,,,,,30117600
131,,,,,,30527534
132,,,,,,30786880
133,,,,,,30945834
134,,,,,,30954200
135,,,,,,32041780
136,,,,,,32209100
137,,,,,,32209100
138,,,,,,32627400
139,,,,,,33045700
140,,,,,,33455634
141,,,,,,33463163
142,,,,,,33463916
143,,,,,,33463916
144,,,,,,33464000
145,,,,,,33464000
146,,,,,,34216940
147,,,,,,34718816
148,,,,,,34915334
149,,,,,,34917592
150,,,,,,35053540
151,,,,,,35128834
152,,,,,,35178193
153,,,,,,35547134
154,,,,,,35555500
155,,,,,,36387917
156,,,,,,36392100
157,,,,,,36392100
158,,,,,,36802034
159,,,,,,37074431
160,,,,,,37228700
161,,,,,,37521510
162,,,,,,37647000
163,,,,,,37647000
164,,,,,,38065300
165,,,,,,38399940
166,,,,,,38483600
167,,,,,,38901900
168,,,,,,39320200
169,,,,,,39555117
170,,,,,,40993400
171,,,,,,40993400
172,,,,,,41411700
173,,,,,,41554759
174,,,,,,41829582
175,,,,,,42666600
176,,,,,,43084900
177,,,,,,43503116
178,,,,,,43670520
179,,,,,,43921500
180,,,,,,43921500
181,,,,,,43988428
182,,,,,,0
183,,,,,,46580884
184,,,,,,46841234
185,,,,,,47518043
186,,,,,,47685363
187,,,,,,47933415
188,,,,,,49359316
189,,,,,,50112340
190,,,,,,50195916
191,,,,,,51450900
192,,,,,,51869200
193,,,,,,52195474
194,,,,,,52287500
195,,,,,,54295340
196,,,,,,54370634
197,,,,,,54370634
198,,,,,,56470500
199,,,,,,56470500
200,,,,,,57302917
201,,,,,,57307100
202,,,,,,58553634
203,,,,,,60235200
204,,,,,,60235200
205,,,,,,60597280
206,,,,,,61003115
207,,,,,,62661340
208,,,,,,62735630
209,,,,,,62745000
210,,,,,,62745000
211,,,,,,64827130
212,,,,,,66509700
213,,,,,,68601200
214,,,,,,69019416
215,,,,,,69019500
216,,,,,,71111000
217,,,,,,73202500
218,,,,,,75043020
219,,,,,,75210340
220,,,,,,76967200
221,,,,,,81978434
222,,,,,,85333200
223,,,,,,87842582
224,,,,,,92025582
225,,,,,,92025916
226,,,,,,100350170
227,,,,,,106666500
228,,,,,,108507020
229,,,,,,117123916
230,,,,,,131764500
231,,,,,,135947500
232,,,,,,140129663
233,,,,,,202875500
234,,,,,,217515916
235,,,,,,250896340
236,,,,,,309458340
237,,,,,,409004370
238,,,,,,1917606248
239,,,,,,0
240,,,,,,0
241,,,,,,0
242,,,,,,8031360
243,,,,,,12549000
244,,,,,,14640500
245,,,,,,16564680
246,,,,,,17150300
247,,,,,,17986900
248,,,,,,18154220
249,,,,,,18396834
250,,,,,,18405200
251,,,,,,18823500
252,,,,,,19240963
253,,,,,,19660100
254,,,,,,20915000
255,,,,,,20915000
256,,,,,,21751182
257,,,,,,21751600
258,,,,,,22998134
259,,,,,,23842682
260,,,,,,23843100
261,,,,,,23843100
262,,,,,,23843100
263,,,,,,23843100
264,,,,,,24679700
265,,,,,,25014340
266,,,,,,26352900
267,,,,,,26687540
268,,,,,,27607800
269,,,,,,28862700
270,,,,,,29281000
271,,,,,,29281000
272,,,,,,30117600
273,,,,,,30117600
274,,,,,,30117600
275,,,,,,31372500
276,,,,,,31782434
277,,,,,,31790382
278,,,,,,31790800
279,,,,,,32209100
280,,,,,,32543740
281,,,,,,33045700
282,,,,,,33464000
283,,,,,,34300600
284,,,,,,34300600
285,,,,,,34300600
286,,,,,,34393714
287,,,,,,34718900
288,,,,,,35053540
289,,,,,,35128834
290,,,,,,35137200
291,,,,,,35555500
292,,,,,,35555500
293,,,,,,36643080
294,,,,,,36809563
295,,,,,,36810400
296,,,,,,37563340
297,,,,,,37563340
298,,,,,,37647000
299,,,,,,38065300
300,,,,,,39159322
301,,,,,,39236540
302,,,,,,39737412
303,,,,,,39738500
304,,,,,,39738500
305,,,,,,39738500
306,,,,,,40344366
307,,,,,,40575100
308,,,,,,40909740
309,,,,,,41662680
310,,,,,,42239934
311,,,,,,43084816
312,,,,,,43084900
313,,,,,,44331434
314,,,,,,44339800
315,,,,,,44339800
316,,,,,,44339800
317,,,,,,45008243
318,,,,,,46012163
319,,,,,,46431300
320,,,,,,46473130
321,,,,,,46849182
322,,,,,,46849600
323,,,,,,47267900
324,,,,,,47602540
325,,,,,,47602540
326,,,,,,47853102
327,,,,,,48104500
328,,,,,,49275740
329,,,,,,50112340
330,,,,,,50154170
331,,,,,,117040340
332,,,,,,75294000
333,,,,,,83492680
334,,,,,,104575000
335,,,,,,132601100
336,,,,,,166390370
337,,,,,,43921500
338,,,,,,50196000
339,,,,,,58394680
340,,,,,,58562000
341,,,,,,66844340
342,,,,,,99388080
343,,,,,,100224680
344,,,,,,112941000
345,,,,,,125071700
346,,,,,,175267700
347,,,,,,217516000
348,,,,,,45929340
349,,,,,,83492680
350,,,,,,83492680
351,,,,,,99973700
352,,,,,,108674340
353,,,,,,158535700
354,,,,,,41746340
355,,,,,,41746340
356,,,,,,41746340
357,,,,,,58143700
358,,,,,,58561833
359,,,,,,66844340
360,,,,,,37563340
361,,,,,,107921316
362,,,,,,166901700
363,,,,,,52287500
364,,,,,,43419540
365,,,,,,75210340
366,,,,,,100224680
367,,,,,,141803700
368,,,,,,142138340
369,,,,,,146405000
370,,,,,,62661340
371,,,,,,63497940
372,,,,,,65673100
373,,,,,,75210340
374,,,,,,77636480
375,,,,,,83241700
376,,,,,,87675680
377,,,,,,91607700
378,,,,,,96125340
379,,,,,,116705700
380,,,,,,125071700
381,,,,,,146321340
382,,,,,,149333100
383,,,,,,150169700
384,,,,,,157950080
385,,,,,,179869000
386,,,,,,200365700
387,,,,,,249306800
388,,,,,,292391700
389,,,,,,307868800
390,,,,,,539188700
391,,,,,,158860970
392,,,,,,250561700
393,,,,,,43478186
394,,,,,,183633700
395,,,,,,96125340
396,,,,,,115032500
397,,,,,,200365700
398,,,,,,83241700
399,,,,,,138039000
400,,,,,,75210340
401,,,,,,83492680
402,,,,,,104491340
403,,,,,,108590680
404,,,,,,115450800
405,,,,,,116705700
406,,,,,,125071700
407,,,,,,166901700
408,,,,,,233829700
409,,,,,,333636080
410,,,,,,60235200
411,,,,,,66844340
412,,,,,,69354140
413,,,,,,83576340
414,,,,,,87759340
415,,,,,,107828370
416,,,,,,167152680
417,,,,,,191999700
418,,,,,,220695080
419,,,,,,225882000
420,,,,,,60653500
421,,,,,,74875700
422,,,,,,108339700
423,,,,,,166901700
424,,,,,,66844340
425,,,,,,64836500
426,,,,,,83241700
427,,,,,,133772340
428,,,,,,141803700
429,,,,,,150169700
430,,,,,,29281000
431,,,,,,29281000
432,,,,,,150588000
433,,,,,,49777700
434,,,,,,208731700
435,,,,,,54295340
436,,,,,,58394680
437,,,,,,116956680
438,,,,,,133688680
439,,,,,,149333100
440,,,,,,192250680
441,,,,,,234164340
442,,,,,,55968540
443,,,,,,73537140
444,,,,,,81819480
445,,,,,,207476800
446,,,,,,40073140
447,,,,,,242195700
448,,,,,,405751000
449,,,,,,36938818
450,,,,,,60653500
451,,,,,,99388080
452,,,,,,132852080
453,,,,,,141218080
454,,,,,,233829700
455,,,,,,75210340
456,,,,,,79477000
457,,,,,,158535700
458,,,,,,165228500
459,,,,,,166901700
460,,,,,,87759340
461,,,,,,91942340
462,,,,,,250561700
463,,,,,,34802560
464,,,,,,91607700
465,,,,,,56470500
466,,,,,,58478340
467,,,,,,66911268
468,,,,,,66911268
469,,,,,,91607700
470,,,,,,60653500
471,,,,,,91607700
472,,,,,,166901700
473,,,,,,250561700
474,,,,,,87843000
475,,,,,,108590680
476,,,,,,111259434
477,,,,,,217097700
478,,,,,,234080680
479,,,,,,32435902
480,,,,,,42010622
481,,,,,,74290080
482,,,,,,183968340
483,,,,,,267712000
484,,,,,,116705700
485,,,,,,166901700
486,,,,,,208648040
487,,,,,,43921500
488,,,,,,208731700
489,,,,,,77469160
490,,,,,,166901700
491,,,,,,63999900
492,,,,,,94535800
493,,,,,,78556740
494,,,,,,125071700
495,,,,,,83241700
496,,,,,,200616680
497,,,,,,62661340
498,,,,,,229981340
499,,,,,,292391700
500,,,,,,317489700
501,,,,,,355471340
502,,,,,,878011700
503,,,,,,27440480
504,,,,,,45929340
505,,,,,,54295340
506,,,,,,125406340
507,,,,,,167152680
508,,,,,,35407756
509,,,,,,125489163
510,,,,,,146321340
511,,,,,,96669130
512,,,,,,200700340
513,,,,,,207476800
514,,,,,,317489700
515,,,,,,106666500
516,,,,,,108758000
517,,,,,,141803700
518,,,,,,48522800
519,,,,,,125406340
520,,,,,,56470500
521,,,,,,83576340
522,,,,,,108339700
523,,,,,,50028680
524,,,,,,208731700
525,,,,,,300757700
526,,,,,,43503200
527,,,,,,79468634
528,,,,,,133856000
529,,,,,,167152680
530,,,,,,258927700
531,,,,,,38901900
532,,,,,,44256140
533,,,,,,48941100
534,,,,,,86002480
535,,,,,,258927700
536,,,,,,53960700
537,,,,,,69019500
538,,,,,,68601200
539,,,,,,83241700
540,,,,,,93699200
541,,,,,,300757700
542,,,,,,129673000
543,,,,,,156862500
544,,,,,,265620500
545,,,,,,267293700
546,,,,,,83492680
547,,,,,,100308340
548,,,,,,283189100
549,,,,,,79393340
550,,,,,,117040340
551,,,,,,121307000
552,,,,,,166901700
553,,,,,,8533320
554,,,,,,29438950
555,,,,,,33380340
556,,,,,,43419540
557,,,,,,46431300
558,,,,,,48104500
559,,,,,,49192080
560,,,,,,49347855
561,,,,,,57641740
562,,,,,,62745000
563,,,,,,65254800
564,,,,,,71111000
565,,,,,,74290080
566,,,,,,75210340
567,,,,,,75210340
568,,,,,,75210340
569,,,,,,83492680
570,,,,,,83492680
571,,,,,,83492680
572,,,,,,83576340
573,,,,,,87424700
574,,,,,,91607700
575,,,,,,98300500
576,,,,,,104993300
577,,,,,,115459166
578,,,,,,116705700
579,,,,,,116956680
580,,,,,,117040340
581,,,,,,121307000
582,,,,,,133772340
583,,,,,,142138340
584,,,,,,150169700
585,,,,,,150169700
586,,,,,,150169700
587,,,,,,166901700
588,,,,,,166901700
589,,,,,,166901700
590,,,,,,175686000
591,,,,,,183633700
592,,,,,,184052000
593,,,,,,191999700
594,,,,,,192334340
595,,,,,,241359100
596,,,,,,242614000
597,,,,,,250561700
598,,,,,,275659700
599,,,,,,309123700
600,,,,,,313725000
601,,,,,,359738000
602,,,,,,359738000
603,,,,,,376470000
604,,,,,,417881700
605,,,,,,417881700
606,,,,,,460130000
607,,,,,,485228000
608,,,,,,543790000
609,,,,,,606535000
610,,,,,,995554000
611,,,,,,1087161700
612,,,,,,1129410000
613,,,,,,1263266000
614,,,,,,-2147483648
615,,,,,,71863940
616,,,,,,191414080
617,,,,,,71027340
618,,,,,,120888700
619,,,,,,158786680
620,,,,,,34802560
621,,,,,,44323068
622,,,,,,92026000
623,,,,,,37647000
624,,,,,,41746340
625,,,,,,41746340
626,,,,,,44323068
627,,,,,,44329761
628,,,,,,45912608
629,,,,,,46002961
630,,,,,,48422408
631,,,,,,61071800
632,,,,,,166483400
633,,,,,,242195700
634,,,,,,167152680
635,,,,,,28334722
636,,,,,,29281000
637,,,,,,56386840
638,,,,,,56386840
639,,,,,,384836000
640,,,,,,133772340
641,,,,,,74373740
642,,,,,,158786680
643,,,,,,158786680
644,,,,,,16648340
645,,,,,,987188000
646,,,,,,41411700
647,,,,,,47602540
648,,,,,,47602540
649,,,,,,585201700
650,,,,,,41746340
651,,,,,,70943680
652,,,,,,17986900
653,,,,,,17986900
654,,,,,,22404148
655,,,,,,24679700
656,,,,,,25516300
657,,,,,,29272634
658,,,,,,30954200
659,,,,,,31790800
660,,,,,,32619034
661,,,,,,33455634
662,,,,,,34718900
663,,,,,,35137200
664,,,,,,37563340
665,,,,,,39738500
666,,,,,,43084900
667,,,,,,45929340
668,,,,,,50196000
669,,,,,,56880434
670,,,,,,63999900
671,,,,,,64418200
672,,,,,,66927916
673,,,,,,69019500
674,,,,,,71111000
675,,,,,,71303418
676,,,,,,96125340
677,,,,,,100392000
678,,,,,,108674340
679,,,,,,115032500
680,,,,,,125487992
681,,,,,,129664634
682,,,,,,150169700
683,,,,,,175267700
684,,,,,,283607400
685,,,,,,409515700
686,,,,,,13385600
687,,,,,,15811740
688,,,,,,20854848
689,,,,,,23416434
690,,,,,,24679700
691,,,,,,25098000
692,,,,,,25934600
693,,,,,,27189500
694,,,,,,27607800
695,,,,,,28026100
696,,,,,,28862700
697,,,,,,29272634
698,,,,,,30870540
699,,,,,,30954200
700,,,,,,31372500
701,,,,,,33380340
702,,,,,,34216940
703,,,,,,34718900
704,,,,,,35053540
705,,,,,,37228700
706,,,,,,37228700
707,,,,,,37638634
708,,,,,,38430225
709,,,,,,39738500
710,,,,,,41746340
711,,,,,,46013000
712,,,,,,46841234
713,,,,,,47677834
714,,,,,,49125654
715,,,,,,49275740
716,,,,,,50187634
717,,,,,,54370634
718,,,,,,56048017
719,,,,,,58352850
720,,,,,,58557817
721,,,,,,62736634
722,,,,,,62745000
723,,,,,,62745000
724,,,,,,62745000
725,,,,,,66844340
726,,,,,,66919634
727,,,,,,70266034
728,,,,,,71027340
729,,,,,,71102634
730,,,,,,71111000
731,,,,,,75210340
732,,,,,,76548900
733,,,,,,79393340
734,,,,,,81986382
735,,,,,,81986800
736,,,,,,83316994
737,,,,,,91607700
738,,,,,,91607700
739,,,,,,92026000
740,,,,,,96209000
741,,,,,,100383634
742,,,,,,102483500
743,,,,,,104491340
744,,,,,,111267800
745,,,,,,112857340
746,,,,,,112932634
747,,,,,,119215500
748,,,,,,125071700
749,,,,,,138039000
750,,,,,,140130500
751,,,,,,140967016
752,,,,,,144313500
753,,,,,,209141634
754,,,,,,271895000
755,,,,,,18405200
756,,,,,,22169900
757,,,,,,22587782
758,,,,,,23006500
759,,,,,,23424800
760,,,,,,23424800
761,,,,,,27565970
762,,,,,,28017734
763,,,,,,29197340
764,,,,,,29866620
765,,,,,,30033940
766,,,,,,30033940
767,,,,,,30786880
768,,,,,,32167270
769,,,,,,34300516
770,,,,,,34710534
771,,,,,,35547134
772,,,,,,35547134
773,,,,,,35931970
774,,,,,,37228700
775,,,,,,37638634
776,,,,,,38893534
777,,,,,,39730134
778,,,,,,39738500
779,,,,,,40114970
780,,,,,,40114970
781,,,,,,40909740
782,,,,,,41746340
783,,,,,,41746340
784,,,,,,54379000
785,,,,,,57307100
786,,,,,,57474420
787,,,,,,58478340
788,,,,,,59816900
789,,,,,,60653500
790,,,,,,62661340
791,,,,,,62736634
792,,,,,,62745000
793,,,,,,64250880
794,,,,,,64836500
795,,,,,,66509700
796,,,,,,66844340
797,,,,,,66844340
798,,,,,,66928000
799,,,,,,69019500
800,,,,,,71027340
801,,,,,,71102634
802,,,,,,71110916
803,,,,,,71110916
804,,,,,,74457400
805,,,,,,74541060
806,,,,,,74875700
807,,,,,,75285634
808,,,,,,78640400
809,,,,,,79477000
810,,,,,,82405100
811,,,,,,83651634
812,,,,,,83651634
813,,,,,,87843000
814,,,,,,89892670
815,,,,,,94117500
816,,,,,,96125340
817,,,,,,96200634
818,,,,,,98300416
819,,,,,,98300500
820,,,,,,98551480
821,,,,,,100308340
822,,,,,,100308340
823,,,,,,100392000
824,,,,,,104491340
825,,,,,,104491340
826,,,,,,105411600
827,,,,,,107001140
828,,,,,,108674340
829,,,,,,108674340
830,,,,,,129673000
831,,,,,,158870340
832,,,,,,208731700
833,,,,,,234164340
834,,,,,,238431000
835,,,,,,6274500
836,,,,,,8366000
837,,,,,,8575150
838,,,,,,12549000
839,,,,,,17150300
840,,,,,,20664020
841,,,,,,23843100
842,,,,,,24052250
843,,,,,,25089634
844,,,,,,25098000
845,,,,,,26771116
846,,,,,,29281000
847,,,,,,32627400
848,,,,,,35965434
849,,,,,,39318108
850,,,,,,39738500
851,,,,,,39738500
852,,,,,,46004634
853,,,,,,47686116
854,,,,,,52278130
855,,,,,,53114730
856,,,,,,57641740
857,,,,,,62661340
858,,,,,,62736634
859,,,,,,66927916
860,,,,,,69011134
861,,,,,,71947600
862,,,,,,72596216
863,,,,,,74457400
864,,,,,,76548900
865,,,,,,83576340
866,,,,,,83651634
867,,,,,,109594600
868,,,,,,121307000
869,,,,,,166901700
870,,,,,,1003501700
871,,,,,,8282340
872,,,,,,16732000
873,,,,,,18823500
874,,,,,,18823500
875,,,,,,28235250
876,,,,,,29281000
877,,,,,,30527534
878,,,,,,33463916
879,,,,,,37647000
880,,,,,,45929340
881,,,,,,46004634
882,,,,,,46013000
883,,,,,,50187634
884,,,,,,52287500
885,,,,,,53542400
886,,,,,,54295340
887,,,,,,60653500
888,,,,,,60653500
889,,,,,,69019500
890,,,,,,75293916
891,,,,,,79309680
892,,,,,,108758000
893,,,,,,208731700
894,,,,,,250980000
895,,,,,,259346000
896,,,,,,501960000
897,,,,,,31372500
898,,,,,,33380340
899,,,,,,48514434
900,,,,,,54379000
901,,,,,,100392000
902,,,,,,108758000
903,,,,,,133772340
904,,,,,,141803700
905,,,,,,242614000
906,,,,,,3346400
907,,,,,,23918394
908,,,,,,27181134
909,,,,,,33045700
910,,,,,,50187634
911,,,,,,58561582
912,,,,,,62736634
913,,,,,,66919634
914,,,,,,66919634
915,,,,,,66919634
916,,,,,,71102634
917,,,,,,87843000
918,,,,,,112857340
919,,,,,,112941000
920,,,,,,125071700
921,,,,,,14222200
922,,,,,,20287550
923,,,,,,25014340
924,,,,,,28360740
925,,,,,,34300600
926,,,,,,34718900
927,,,,,,40575100
928,,,,,,46849600
929,,,,,,52287500
930,,,,,,53124100
931,,,,,,59816900
932,,,,,,60151540
933,,,,,,65254800
934,,,,,,71102634
935,,,,,,73202500
936,,,,,,78556740
937,,,,,,79476916
938,,,,,,83660000
939,,,,,,209141634
940,,,,,,4183000
941,,,,,,17694090
942,,,,,,18823500
943,,,,,,19233434
944,,,,,,19241800
945,,,,,,19660100
946,,,,,,20454870
947,,,,,,20915000
948,,,,,,22504540
949,,,,,,24679700
950,,,,,,25089634
951,,,,,,26344534
952,,,,,,27607800
953,,,,,,29197340
954,,,,,,29280163
955,,,,,,29281000
956,,,,,,29281000
957,,,,,,30117600
958,,,,,,30535900
959,,,,,,31364134
960,,,,,,31372500
961,,,,,,33380340
962,,,,,,35555500
963,,,,,,36383734
964,,,,,,37563340
965,,,,,,37647000
966,,,,,,37647000
967,,,,,,37647000
968,,,,,,38065300
969,,,,,,38475234
970,,,,,,39320200
971,,,,,,40148434
972,,,,,,41746340
973,,,,,,44758100
974,,,,,,45929340
975,,,,,,46004634
976,,,,,,46013000
977,,,,,,47686200
978,,,,,,50112340
979,,,,,,50195163
980,,,,,,50195916
981,,,,,,52287500
982,,,,,,54295340
983,,,,,,54295340
984,,,,,,54379000
985,,,,,,54379000
986,,,,,,56470500
987,,,,,,57298734
988,,,,,,58311020
989,,,,,,58553634
990,,,,,,58553634
991,,,,,,59390234
992,,,,,,60226834
993,,,,,,60235200
994,,,,,,60645134
995,,,,,,60653500
996,,,,,,63999900
997,,,,,,64828134
998,,,,,,65212970
999,,,,,,66844340
1000,,,,,,71102634
1001,,,,,,71102634
1002,,,,,,71102634
1003,,,,,,73202500
1004,,,,,,13377234
1005,,,,,,13803900
1006,,,,,,14222116
1007,,,,,,15058716
1008,,,,,,15058800
1009,,,,,,15477016
1010,,,,,,15887034
1011,,,,,,15895400
1012,,,,,,16062636
1013,,,,,,16648340
1014,,,,,,16731916
1015,,,,,,16731916
1016,,,,,,16815576
1017,,,,,,16815576
1018,,,,,,17903156
1019,,,,,,17959543
1020,,,,,,18571683
1021,,,,,,18739756
1022,,,,,,18907076
1023,,,,,,19241800
1024,,,,,,19409036
1025,,,,,,20078400
1026,,,,,,20161976
1027,,,,,,20245636
1028,,,,,,20496700
1029,,,,,,20621353
1030,,,,,,20914916
1031,,,,,,20915000
1032,,,,,,20998660
1033,,,,,,21206973
1034,,,,,,21416876
1035,,,,,,21625273
1036,,,,,,21708933
1037,,,,,,21751516
1038,,,,,,21959913
1039,,,,,,22588200
1040,,,,,,23006416
1041,,,,,,23006500
1042,,,,,,23341140
1043,,,,,,23633113
1044,,,,,,24010420
1045,,,,,,24386053
1046,,,,,,24469713
1047,,,,,,24553373
1048,,,,,,25934600
1049,,,,,,26687540
1050,,,,,,27181134
1051,,,,,,28862700
1052,,,,,,28950125
1053,,,,,,30108230
1054,,,,,,30507874
1055,,,,,,30954116
1056,,,,,,31707140
1057,,,,,,33464084
1058,,,,,,34718063
1059,,,,,,35555500
1060,,,,,,36810316
1061,,,,,,37228700
1062,,,,,,37647000
1063,,,,,,38901900
1064,,,,,,40575100
1065,,,,,,42666600
1066,,,,,,46013000
1067,,,,,,49275740
1068,,,,,,52182925
1069,,,,,,52287500
1070,,,,,,58980300
1071,,,,,,61071800
1072,,,,,,62736634
1073,,,,,,113777600
1074,,,,,,3345563
1075,,,,,,5019600
1076,,,,,,6860120
1077,,,,,,10030834
1078,,,,,,11712400
1079,,,,,,12465256
1080,,,,,,12549000
1081,,,,,,13971136
1082,,,,,,14138540
1083,,,,,,14632134
1084,,,,,,14975140
1085,,,,,,15811656
1086,,,,,,15811656
1087,,,,,,16146296
1088,,,,,,18154136
1089,,,,,,18405116
1090,,,,,,18488776
1091,,,,,,18488776
1092,,,,,,18948906
1093,,,,,,19233434
1094,,,,,,19325376
1095,,,,,,19409036
1096,,,,,,19660016
1097,,,,,,19660100
1098,,,,,,19743676
1099,,,,,,19743760
1100,,,,,,19986374
1101,,,,,,20245720
1102,,,,,,20270818
1103,,,,,,20329296
1104,,,,,,20329380
1105,,,,,,20329380
1106,,,,,,20496616
1107,,,,,,20496700
1108,,,,,,20998576
1109,,,,,,21373875
1110,,,,,,21373875
1111,,,,,,21667940
1112,,,,,,21667940
1113,,,,,,21743234
1114,,,,,,21743234
1115,,,,,,22157351
1116,,,,,,22270710
1117,,,,,,22504456
1118,,,,,,22529638
1119,,,,,,22566030
1120,,,,,,22569376
1121,,,,,,22927441
1122,,,,,,22927441
1123,,,,,,22998134
1124,,,,,,23127807
1125,,,,,,23211467
1126,,,,,,23341140
1127,,,,,,23424716
1128,,,,,,23633950
1129,,,,,,23884512
1130,,,,,,23941819
1131,,,,,,24154315
1132,,,,,,24398602
1133,,,,,,24679700
1134,,,,,,24951595
1135,,,,,,25088630
1136,,,,,,27029709
1137,,,,,,27105756
1138,,,,,,27189500
1139,,,,,,27189500
1140,,,,,,27223801
1141,,,,,,27413709
1142,,,,,,27423330
1143,,,,,,27483983
1144,,,,,,27599434
1145,,,,,,27599434
1146,,,,,,27607800
1147,,,,,,28026100
1148,,,,,,28436034
1149,,,,,,28444400
1150,,,,,,28678230
1151,,,,,,28988190
1152,,,,,,28988190
1153,,,,,,29030020
1154,,,,,,29272634
1155,,,,,,29281000
1156,,,,,,29741130
1157,,,,,,29824790
1158,,,,,,30117600
1159,,,,,,30491142
1160,,,,,,30527534
1161,,,,,,30535900
1162,,,,,,30535900
1163,,,,,,31372500
1164,,,,,,31497990
1165,,,,,,32626563
1166,,,,,,33296680
1167,,,,,,33380340
1168,,,,,,33398913
1169,,,,,,33464000
1170,,,,,,33673150
1171,,,,,,34507240
1172,,,,,,35546214
1173,,,,,,35555500
1174,,,,,,35973800
1175,,,,,,36088832
1176,,,,,,36088832
1177,,,,,,36130662
1178,,,,,,36619655
1179,,,,,,37165118
1180,,,,,,37563340
1181,,,,,,37638634
1182,,,,,,37638634
1183,,,,,,38225091
1184,,,,,,38254790
1185,,,,,,38730397
1186,,,,,,38901900
1187,,,,,,39115233
1188,,,,,,41830000
1189,,,,,,43084900
1190,,,,,,45929340
1191,,,,,,46012916
1192,,,,,,46013000
1193,,,,,,46841234
1194,,,,,,48941100
1195,,,,,,49359316
1196,,,,,,51032600
1197,,,,,,56470500
1198,,,,,,61490100
1199,,,,,,92026000
1200,,,,,,96125340
1201,,,,,,99639060
1202,,,,,,100308340
1203,,,,,,102483500
1204,,,,,,168658560
1205,,,,,,5772540
1206,,,,,,7111100
1207,,,,,,7947700
1208,,,,,,12046956
1209,,,,,,12122334
1210,,,,,,12465340
1211,,,,,,12549000
1212,,,,,,12799896
1213,,,,,,13385600
1214,,,,,,15058800
1215,,,,,,15058800
1216,,,,,,15477100
1217,,,,,,15811656
1218,,,,,,15895316
1219,,,,,,15895400
1220,,,,,,16397276
1221,,,,,,16397276
1222,,,,,,16564596
1223,,,,,,16648340
1224,,,,,,16731916
1225,,,,,,17024726
1226,,,,,,17141934
1227,,,,,,17150216
1228,,,,,,17233876
1229,,,,,,17324062
1230,,,,,,17568516
1231,,,,,,17568600
1232,,,,,,17735836
1233,,,,,,17861326
1234,,,,,,17986900
1235,,,,,,18404363
1236,,,,,,18405116
1237,,,,,,18572520
1238,,,,,,18656096
1239,,,,,,19492696
1240,,,,,,19614087
1241,,,,,,19660100
1242,,,,,,19697747
1243,,,,,,19827336
1244,,,,,,19910996
1245,,,,,,19911080
1246,,,,,,20245636
1247,,,,,,20287466
1248,,,,,,20329296
1249,,,,,,20496700
1250,,,,,,20496700
1251,,,,,,20663936
1252,,,,,,20747596
1253,,,,,,20831340
1254,,,,,,20914163
1255,,,,,,20915000
1256,,,,,,21333300
1257,,,,,,21458790
1258,,,,,,21584280
1259,,,,,,21667940
1260,,,,,,21885456
1261,,,,,,22001743
1262,,,,,,22002496
1263,,,,,,22420043
1264,,,,,,22588200
1265,,,,,,22613298
1266,,,,,,22839180
1267,,,,,,23006500
1268,,,,,,23843100
1269,,,,,,24679700
1270,,,,,,25014340
1271,,,,,,25046131
1272,,,,,,25089634
1273,,,,,,25097163
1274,,,,,,25097163
1275,,,,,,25098000
1276,,,,,,25098000
1277,,,,,,25507934
1278,,,,,,25507934
1279,,,,,,26344534
1280,,,,,,26352900
1281,,,,,,26572508
1282,,,,,,26687540
1283,,,,,,26729370
1284,,,,,,26762834
1285,,,,,,26771200
1286,,,,,,26771200
1287,,,,,,27022180
1288,,,,,,27188663
1289,,,,,,27189500
1290,,,,,,27189500
1291,,,,,,27607800
1292,,,,,,27691460
1293,,,,,,28026016
1294,,,,,,28444316
1295,,,,,,28862700
1296,,,,,,28862700
1297,,,,,,29197340
1298,,,,,,29281000
1299,,,,,,30116763
1300,,,,,,30535900
1301,,,,,,30778514
1302,,,,,,31372500
1303,,,,,,31456076
1304,,,,,,31730983
1305,,,,,,31861493
1306,,,,,,32209100
1307,,,,,,34886220
1308,,,,,,35137200
1309,,,,,,35547134
1310,,,,,,36141120
1311,,,,,,36391263
1312,,,,,,36802034
1313,,,,,,36810400
1314,,,,,,37220334
1315,,,,,,37285170
1316,,,,,,37647000
1317,,,,,,39738500
1318,,,,,,41411700
1319,,,,,,41746340
1320,,,,,,41746340
1321,,,,,,42666600
1322,,,,,,46431300
1323,,,,,,47686200
1324,,,,,,48104500
1325,,,,,,49359400
1326,,,,,,51450900
1327,,,,,,52663970
1328,,,,,,54295340
1329,,,,,,54295340
1330,,,,,,55131940
1331,,,,,,58101870
1332,,,,,,58553634
1333,,,,,,58562000
1334,,,,,,69011134
1335,,,,,,73537140
1336,,,,,,73620800
1337,,,,,,77385500
1338,,,,,,100392000
1339,,,,,,133437700
1340,,,,,,133772340
1341,,,,,,167236340
1342,,,,,,191999700
1343,,,,,,4015680
1344,,,,,,8156850
1345,,,,,,10867434
1346,,,,,,12549000
1347,,,,,,13803900
1348,,,,,,14138540
1349,,,,,,16188210
1350,,,,,,16723634
1351,,,,,,17894874
1352,,,,,,18321540
1353,,,,,,18990736
1354,,,,,,19233434
1355,,,,,,19408283
1356,,,,,,13385516
1357,,,,,,16648340
1358,,,,,,23424716
1359,,,,,,23424800
1360,,,,,,25089634
1361,,,,,,25098000
1362,,,,,,31372500
1363,,,,,,32627400
1364,,,,,,34300600
1365,,,,,,35973800
1366,,,,,,38399940
1367,,,,,,41235177
1368,,,,,,41821634
1369,,,,,,43503200
1370,,,,,,43921500
1371,,,,,,48439140
1372,,,,,,48522800
1373,,,,,,52287500
1374,,,,,,52622140
1375,,,,,,54295340
1376,,,,,,54379000
1377,,,,,,55131940
1378,,,,,,56805140
1379,,,,,,58478340
1380,,,,,,61908400
1381,,,,,,62745000
1382,,,,,,73202500
1383,,,,,,75294000
1384,,,,,,76548816
1385,,,,,,99973700
1386,,,,,,100392000
1387,,,,,,102483500
1388,,,,,,104575000
1389,,,,,,108758000
1390,,,,,,164810200
1391,,,,,,268997436
1392,,,,,,355555000
1393,,,,,,522875000
1394,,,,,,13381835
1395,,,,,,14640500
1396,,,,,,16313700
1397,,,,,,19409120
1398,,,,,,19409120
1399,,,,,,20915000
1400,,,,,,26352900
1401,,,,,,28444400
1402,,,,,,29281000
1403,,,,,,32543740
1404,,,,,,32627400
1405,,,,,,33045700
1406,,,,,,33380340
1407,,,,,,33464000
1408,,,,,,35137200
1409,,,,,,35137200
1410,,,,,,35555500
1411,,,,,,37647000
1412,,,,,,41411700
1413,,,,,,41411700
1414,,,,,,43503200
1415,,,,,,44758100
1416,,,,,,45594700
1417,,,,,,48522800
1418,,,,,,49777700
1419,,,,,,50112340
1420,,,,,,50196000
1421,,,,,,51450900
1422,,,,,,52697434
1423,,,,,,54295340
1424,,,,,,54378916
1425,,,,,,54379000
1426,,,,,,54379000
1427,,,,,,56052200
1428,,,,,,57307100
1429,,,,,,57307100
1430,,,,,,57725400
1431,,,,,,57725400
1432,,,,,,58562000
1433,,,,,,61908400
1434,,,,,,62745000
1435,,,,,,63163300
1436,,,,,,64250880
1437,,,,,,67764600
1438,,,,,,68601200
1439,,,,,,69011134
1440,,,,,,71111000
1441,,,,,,74875700
1442,,,,,,75294000
1443,,,,,,76967200
1444,,,,,,83241700
1445,,,,,,88679600
1446,,,,,,92026000
1447,,,,,,92026000
1448,,,,,,98300500
1449,,,,,,100308340
1450,,,,,,100392000
1451,,,,,,116705700
1452,,,,,,139712200
1453,,,,,,192418000
1454,,,,,,10457500
1455,,,,,,18823500
1456,,,,,,18823500
1457,,,,,,18823500
1458,,,,,,20496700
1459,,,,,,21751600
1460,,,,,,22169900
1461,,,,,,23006500
1462,,,,,,23843100
1463,,,,,,25014340
1464,,,,,,25014340
1465,,,,,,25934600
1466,,,,,,27607800
1467,,,,,,27607800
1468,,,,,,30535900
1469,,,,,,32627400
1470,,,,,,33882300
1471,,,,,,34718900
1472,,,,,,35137200
1473,,,,,,36392100
1474,,,,,,37647000
1475,,,,,,38901900
1476,,,,,,40073140
1477,,,,,,40993400
1478,,,,,,41829916
1479,,,,,,42699227
1480,,,,,,43043070
1481,,,,,,43503200
1482,,,,,,44242754
1483,,,,,,44339800
1484,,,,,,46013000
1485,,,,,,47685363
1486,,,,,,48522800
1487,,,,,,50187634
1488,,,,,,142138340
1489,,,,,,158953916
1490,,,,,,181960500
1491,,,,,,192418000
1492,,,,,,204967000
1493,,,,,,217432340
1494,,,,,,397385000
1495,,,,,,522791340
1496,,,,,,543790000
1497,,,,,,18321540
1498,,,,,,23006500
1499,,,,,,23424800
1500,,,,,,24261400
1501,,,,,,24261400
1502,,,,,,25926234
1503,,,,,,25934600
1504,,,,,,26771200
1505,,,,,,28026100
1506,,,,,,29614803
1507,,,,,,30954200
1508,,,,,,31790800
1509,,,,,,32209100
1510,,,,,,32627400
1511,,,,,,35555500
1512,,,,,,35931970
1513,,,,,,36559420
1514,,,,,,37563340
1515,,,,,,39738500
1516,,,,,,40575100
1517,,,,,,40985034
1518,,,,,,41411700
1519,,,,,,41746340
1520,,,,,,43503200
1521,,,,,,44758100
1522,,,,,,44758100
1523,,,,,,45994344
1524,,,,,,46013000
1525,,,,,,46013000
1526,,,,,,47602540
1527,,,,,,48104500
1528,,,,,,50112340
1529,,,,,,50187634
1530,,,,,,51869200
1531,,,,,,56470500
1532,,,,,,57307100
1533,,,,,,58478340
1534,,,,,,59398600
1535,,,,,,61908400
1536,,,,,,61908400
1537,,,,,,62661340
1538,,,,,,65254800
1539,,,,,,66635190
1540,,,,,,69019500
1541,,,,,,69856100
1542,,,,,,73202500
1543,,,,,,74373740
1544,,,,,,81568500
1545,,,,,,81903140
1546,,,,,,83409020
1547,,,,,,89934500
1548,,,,,,91607700
1549,,,,,,96209000
1550,,,,,,100308340
1551,,,,,,116203740
1552,,,,,,125406340
1553,,,,,,149333100
1554,,,,,,149751400
1555,,,,,,156360540
1556,,,,,,175518680
1557,,,,,,280261000
1558,,,,,,384836000
1559,,,,,,414117000
1560,,,,,,418
1561,,,,,,10792140
1562,,,,,,14548474
1563,,,,,,16313700
1564,,,,,,16313700
1565,,,,,,17568600
1566,,,,,,19660100
1567,,,,,,20078400
1568,,,,,,21751600
1569,,,,,,24428720
1570,,,,,,26771200
1571,,,,,,26771200
1572,,,,,,27524140
1573,,,,,,28026100
1574,,,,,,29281000
1575,,,,,,29690934
1576,,,,,,30535900
1577,,,,,,31364134
1578,,,,,,33045700
1579,,,,,,36802034
1580,,,,,,36810400
1581,,,,,,37647000
1582,,,,,,39320200
1583,,,,,,39738500
1584,,,,,,40658676
1585,,,,,,41830000
1586,,,,,,41830000
1587,,,,,,41830000
1588,,,,,,44339800
1589,,,,,,46849516
1590,,,,,,48104500
1591,,,,,,49359400
1592,,,,,,50196000
1593,,,,,,50196000
1594,,,,,,50196000
1595,,,,,,50948940
1596,,,,,,51032516
1597,,,,,,51032600
1598,,,,,,52287500
1599,,,,,,54379000
1600,,,,,,54379000
1601,,,,,,58478340
1602,,,,,,59816900
1603,,,,,,61824740
1604,,,,,,62661340
1605,,,,,,62745000
1606,,,,,,63163300
1607,,,,,,64836500
1608,,,,,,66919634
1609,,,,,,69019500
1610,,,,,,70860020
1611,,,,,,71111000
1612,,,,,,71111000
1613,,,,,,73620800
1614,,,,,,74875700
1615,,,,,,75294000
1616,,,,,,77385500
1617,,,,,,79477000
1618,,,,,,83660000
1619,,,,,,92026000
1620,,,,,,99555400
1621,,,,,,104575000
1622,,,,,,108758000
1623,,,,,,112941000
1624,,,,,,117124000
1625,,,,,,138039000
1626,,,,,,146405000
1627,,,,,,148078200
1628,,,,,,154687340
1629,,,,,,167152680
1630,,,,,,167320000
1631,,,,,,175686000
1632,,,,,,280261000
1633,,,,,,292810000
1634,,,,,,527058000
1635,,,,,,650456500
1636,,,,,,828234000
1637,,,,,,878011700
1638,,,,,,292810
1639,,,,,,19158140
1640,,,,,,20915000
1641,,,,,,21751600
1642,,,,,,22588200
1643,,,,,,22588200
1644,,,,,,24177740
1645,,,,,,24253034
1646,,,,,,26352900
1647,,,,,,26771200
1648,,,,,,27440480
1649,,,,,,27607800
1650,,,,,,29281000
1651,,,,,,29281000
1652,,,,,,29281000
1653,,,,,,30745050
1654,,,,,,31372500
1655,,,,,,32543740
1656,,,,,,32619034
1657,,,,,,33463916
1658,,,,,,33464000
1659,,,,,,34300600
1660,,,,,,36559420
1661,,,,,,38483600
1662,,,,,,38901900
1663,,,,,,39320200
1664,,,,,,40148434
1665,,,,,,40575100
1666,,,,,,40575100
1667,,,,,,40985034
1668,,,,,,41411700
1669,,,,,,41821634
1670,,,,,,41830000
1671,,,,,,43084900
1672,,,,,,43419540
1673,,,,,,43503200
1674,,,,,,43921500
1675,,,,,,45176400
1676,,,,,,45176400
1677,,,,,,45929340
1678,,,,,,46013000
1679,,,,,,46849600
1680,,,,,,49108420
1681,,,,,,49359400
1682,,,,,,49777700
1683,,,,,,49777700
1684,,,,,,52287500
1685,,,,,,54379000
1686,,,,,,55131940
1687,,,,,,55968540
1688,,,,,,56052200
1689,,,,,,58478340
1690,,,,,,61071800
1691,,,,,,65254800
1692,,,,,,66927916
1693,,,,,,66928000
1694,,,,,,69186820
1695,,,,,,70274400
1696,,,,,,71027340
1697,,,,,,71111000
1698,,,,,,72784200
1699,,,,,,75210340
1700,,,,,,75210340
1701,,,,,,75294000
1702,,,,,,75294000
1703,,,,,,76967200
1704,,,,,,78222100
1705,,,,,,81568500
1706,,,,,,83659163
1707,,,,,,83660000
1708,,,,,,8357634
1709,,,,,,10532794
1710,,,,,,11879720
1711,,,,,,12122334
1712,,,,,,12549000
1713,,,,,,12549000
1714,,,,,,12549000
1715,,,,,,13301940
1716,,,,,,13385600
1717,,,,,,14138540
1718,,,,,,14222200
1719,,,,,,14640500
1720,,,,,,15644420
1721,,,,,,18396834
1722,,,,,,18564154
1723,,,,,,18614350
1724,,,,,,18815134
1725,,,,,,20496700
1726,,,,,,20904375
1727,,,,,,20906634
1728,,,,,,21157614
1729,,,,,,21667940
1730,,,,,,22161534
1731,,,,,,24253034
1732,,,,,,24261400
1733,,,,,,24847020
1734,,,,,,25014340
1735,,,,,,26352900
1736,,,,,,28444400
1737,,,,,,29272634
1738,,,,,,30109234
1739,,,,,,30703220
1740,,,,,,30778514
1741,,,,,,35973800
1742,,,,,,37228700
1743,,,,,,37563340
1744,,,,,,39738500
1745,,,,,,45929340
1746,,,,,,46013000
1747,,,,,,49777700
1748,,,,,,49945020
1749,,,,,,50187634
1750,,,,,,50195916
1751,,,,,,50196000
1752,,,,,,51450900
1753,,,,,,52705800
1754,,,,,,52705800
1755,,,,,,54379000
1756,,,,,,54379000
1757,,,,,,56554160
1758,,,,,,57307100
1759,,,,,,58478340
1760,,,,,,60569840
1761,,,,,,66919634
1762,,,,,,73202500
1763,,,,,,75210256
1764,,,,,,77803800
1765,,,,,,91942340
1766,,,,,,96208916
1767,,,,,,100392000
1768,,,,,,135947500
1769,,,,,,267712000
1770,,,,,,1673200
1771,,,,,,9620900
1772,,,,,,10030834
1773,,,,,,10039200
1774,,,,,,10867434
1775,,,,,,11879720
1776,,,,,,12356582
1777,,,,,,12967300
1778,,,,,,12967300
1779,,,,,,13971220
1780,,,,,,14222200
1781,,,,,,14222200
1782,,,,,,15468734
1783,,,,,,15895400
1784,,,,,,16313700
1785,,,,,,16723634
1786,,,,,,16731916
1787,,,,,,17150300
1788,,,,,,17150300
1789,,,,,,18823500
1790,,,,,,20078400
1791,,,,,,20831340
1792,,,,,,20906634
1793,,,,,,20906634
1794,,,,,,20915000
1795,,,,,,21743234
1796,,,,,,22504540
1797,,,,,,23006500
1798,,,,,,23341140
1799,,,,,,23416434
1800,,,,,,23416434
1801,,,,,,23416434
1802,,,,,,23843100
1803,,,,,,24261400
1804,,,,,,24679700
1805,,,,,,24679700
1806,,,,,,25089634
1807,,,,,,25089634
1808,,,,,,25516300
1809,,,,,,26352900
1810,,,,,,26352900
1811,,,,,,27181134
1812,,,,,,27189500
1813,,,,,,27599434
1814,,,,,,27599434
1815,,,,,,28436034
1816,,,,,,28436034
1817,,,,,,29197340
1818,,,,,,29272634
1819,,,,,,29281000
1820,,,,,,30945834
1821,,,,,,31288840
1822,,,,,,31748970
1823,,,,,,32200734
1824,,,,,,32543740
1825,,,,,,33380340
1826,,,,,,33455634
1827,,,,,,34718900
1828,,,,,,35973800
1829,,,,,,37228700
1830,,,,,,37638634
1831,,,,,,37647000
1832,,,,,,37647000
1833,,,,,,38475234
1834,,,,,,41746340
1835,,,,,,41746340
1836,,,,,,41821634
1837,,,,,,43921500
1838,,,,,,44758100
1839,,,,,,45929340
1840,,,,,,8365916
1841,,,,,,9194234
1842,,,,,,10457500
1843,,,,,,10783774
1844,,,,,,11879720
1845,,,,,,12130616
1846,,,,,,12548916
1847,,,,,,12548916
1848,,,,,,12549000
1849,,,,,,12967300
1850,,,,,,13377234
1851,,,,,,14891480
1852,,,,,,16313700
1853,,,,,,16732000
1854,,,,,,18405200
1855,,,,,,18815134
1856,,,,,,18823500
1857,,,,,,19233434
1858,,,,,,19660100
1859,,,,,,20915000
1860,,,,,,21667940
1861,,,,,,22579834
1862,,,,,,23834734
1863,,,,,,23843100
1864,,,,,,24253034
1865,,,,,,24637870
1866,,,,,,24679700
1867,,,,,,25089634
1868,,,,,,25097916
1869,,,,,,25098000
1870,,,,,,25098000
1871,,,,,,25098000
1872,,,,,,25850940
1873,,,,,,26269240
1874,,,,,,26352816
1875,,,,,,26352900
1876,,,,,,26352900
1877,,,,,,26762834
1878,,,,,,26762834
1879,,,,,,26771200
1880,,,,,,26771200
1881,,,,,,27181134
1882,,,,,,27189500
1883,,,,,,27599434
1884,,,,,,28444400
1885,,,,,,29281000
1886,,,,,,29281000
1887,,,,,,30870540
1888,,,,,,30954200
1889,,,,,,31121520
1890,,,,,,31372416
1891,,,,,,31372500
1892,,,,,,31707140
1893,,,,,,31790800
1894,,,,,,33380340
1895,,,,,,33380340
1896,,,,,,34718900
1897,,,,,,35137200
1898,,,,,,35555500
1899,,,,,,36392100
1900,,,,,,36810400
1901,,,,,,36810400
1902,,,,,,36810400
1903,,,,,,37647000
1904,,,,,,39696670
1905,,,,,,39738500
1906,,,,,,39738500
1907,,,,,,40951570
1908,,,,,,41411700
1909,,,,,,41821634
1910,,,,,,41821634
1911,,,,,,41829916
1912,,,,,,41829916
1913,,,,,,43921500
1914,,,,,,44256140
1915,,,,,,46431300
1916,,,,,,46849600
1917,,,,,,47686200
1918,,,,,,47686200
1919,,,,,,49351034
1920,,,,,,50112340
1921,,,,,,50112340
1922,,,,,,50112340
1923,,,,,,51434168
1924,,,,,,53124100
1925,,,,,,54378916
1926,,,,,,55131940
1927,,,,,,55207234
1928,,,,,,60653500
1929,,,,,,63999900
1930,,,,,,66844340
1931,,,,,,66919634
1932,,,,,,69019500
1933,,,,,,69019500
1934,,,,,,73202500
1935,,,,,,74875700
1936,,,,,,75210340
1937,,,,,,79393340
1938,,,,,,79477000
1939,,,,,,83241700
1940,,,,,,85751500
1941,,,,,,91607700
1942,,,,,,96209000
1943,,,,,,117124000
1944,,,,,,125406340
1945,,,,,,130509600
1946,,,,,,133437700
1947,,,,,,154771000
1948,,,,,,207309480
1949,,,,,,0
1950,,,,,,2509800
1951,,,,,,2509800
1952,,,,,,2509800
1953,,,,,,2509800
1954,,,,,,2509800
1955,,,,,,2509800
1956,,,,,,2509800
1957,,,,,,2509800
1958,,,,,,2509800
1959,,,,,,2509800
1960,,,,,,2509800
1961,,,,,,2509800
1962,,,,,,2509800
1963,,,,,,2509800
1964,,,,,,2509800
1965,,,,,,2509800
1966,,,,,,2509800
1967,,,,,,2509800
1968,,,,,,2509800
1969,,,,,,2509800
1970,,,,,,2509800
1971,,,,,,2509800
1972,,,,,,2509800
1973,,,,,,2509800
1974,,,,,,5019600
1975,,,,,,5847834
1976,,,,,,7696720
1977,,,,,,10457500
1978,,,,,,11294100
1979,,,,,,11628740
1980,,,,,,12130700
1981,,,,,,12549000
1982,,,,,,13377234
1983,,,,,,13762070
1984,,,,,,15058716
1985,,,,,,15058800
1986,,,,,,15477100
1987,,,,,,16732000
1988,,,,,,16732000
1989,,,,,,17557975
1990,,,,,,17978534
1991,,,,,,18823500
1992,,,,,,19409120
1993,,,,,,19651734
1994,,,,,,19660100
1995,,,,,,19660100
1996,,,,,,20070034
1997,,,,,,20070034
1998,,,,,,20078400
1999,,,,,,20915000
2000,,,,,,20915000
2001,,,,,,21743234
2002,,,,,,22169900
2003,,,,,,22579834
2004,,,,,,23006500
2005,,,,,,23006500
2006,,,,,,23416434
2007,,,,,,23843100
2008,,,,,,24177740
2009,,,,,,24253034
2010,,,,,,24671334
2011,,,,,,25014340
2012,,,,,,25093817
2013,,,,,,25098000
2014,,,,,,25098000
2015,,,,,,25516300
2016,,,,,,26352900
2017,,,,,,26687540
2018,,,,,,26760575
2019,,,,,,29197340
2020,,,,,,29239170
2021,,,,,,29272634
2022,,,,,,29272634
2023,,,,,,29280163
2024,,,,,,29281000
2025,,,,,,29699300
2026,,,,,,30109234
2027,,,,,,30109234
2028,,,,,,30117600
2029,,,,,,30535900
2030,,,,,,30870540
2031,,,,,,30945834
2032,,,,,,31707140
2033,,,,,,32209100
2034,,,,,,32209100
2035,,,,,,32209100
2036,,,,,,32209100
2037,,,,,,32627400
2038,,,,,,33003870
2039,,,,,,33455634
2040,,,,,,34300600
2041,,,,,,34718900
2042,,,,,,34718900
2043,,,,,,35555500
2044,,,,,,36802034
2045,,,,,,36810400
2046,,,,,,39320200
2047,,,,,,39738500
2048,,,,,,41788170
2049,,,,,,41821634
2050,,,,,,41821634
2051,,,,,,41830000
2052,,,,,,43419540
2053,,,,,,43503200
2054,,,,,,43913134
2055,,,,,,43921500
2056,,,,,,43921500
2057,,,,,,44331434
2058,,,,,,44833394
2059,,,,,,45092740
2060,,,,,,10039200
2061,,,,,,25913685
2062,,,,,,26352900
2063,,,,,,30262666
2064,,,,,,32599792
2065,,,,,,32858887
2066,,,,,,33138144
2067,,,,,,34045604
2068,,,,,,34368114
2069,,,,,,34654900
2070,,,,,,34718482
2071,,,,,,27188663
2072,,,,,,27606963
2073,,,,,,27603617
2074,,,,,,53960700
2075,,,,,,95916190
2076,,,,,,19408283
2077,,,,,,22254815
2078,,,,,,25180823
2079,,,,,,25514710
2080,,,,,,28078388
2081,,,,,,21499783
2082,,,,,,21918083
2083,,,,,,24009583
2084,,,,,,24260563
2085,,,,,,24929843
2086,,,,,,24929843
2087,,,,,,27188663
2088,,,,,,19158140
2089,,,,,,28550565
2090,,,,,,30964992
2091,,,,,,32198893
2092,,,,,,36391682
2093,,,,,,21416123
2094,,,,,,22252723
2095,,,,,,24344223
2096,,,,,,23843100
2097,,,,,,27216271
2098,,,,,,29281000
2099,,,,,,27272323
2100,,,,,,27355983
2101,,,,,,28443563
2102,,,,,,24009583
2103,,,,,,48104500
2104,,,,,,73620716
2105,,,,,,19701093
2106,,,,,,52705800
2107,,,,,,28192583
2108,,,,,,28610883
2109,,,,,,35890140
2110,,,,,,27355983
2111,,,,,,28694543
2112,,,,,,29363823
2113,,,,,,26546489
2114,,,,,,27448428
2115,,,,,,27599434
2116,,,,,,20663183
2117,,,,,,21667103
2118,,,,,,22001743
2119,,,,,,23423963
2120,,,,,,23674943
2121,,,,,,22671023
2122,,,,,,23340303
2123,,,,,,24176903
2124,,,,,,24176903
2125,,,,,,21836515
2126,,,,,,14473180
2127,,,,,,25933763
2128,,,,,,26771200
2129,,,,,,14632134
2130,,,,,,26352063
2131,,,,,,27606963
2132,,,,,,28778203
2133,,,,,,28945523
2134,,,,,,24887093
2135,,,,,,44339800
2136,,,,,,23148304
2137,,,,,,23233219
2138,,,,,,27490676
2139,,,,,,29197340
2140,,,,,,29197340
2141,,,,,,10122776
2142,,,,,,22797350
2143,,,,,,36367002
2144,,,,,,21081483
2145,,,,,,21248803
2146,,,,,,21751600
2147,,,,,,24260563
2148,,,,,,21750763
2149,,,,,,28861863
2150,,,,,,29780701
2151,,,,,,19158140
2152,,,,,,23329009
2153,,,,,,28026100
2154,,,,,,21165143
2155,,,,,,21499783
2156,,,,,,24009583
2157,,,,,,24678863
2158,,,,,,25417414
2159,,,,,,32626982
2160,,,,,,10875800
2161,,,,,,18823500
2162,,,,,,23057867
2163,,,,,,23588941
2164,,,,,,25913685
2165,,,,,,30936631
2166,,,,,,31372082
2167,,,,,,31707140
2168,,,,,,35555082
2169,,,,,,7692955
2170,,,,,,89934500
2171,,,,,,35555500
2172,,,,,,27607800
2173,,,,,,40574682
2174,,,,,,28443563
2175,,,,,,28778203
2176,,,,,,26269240
2177,,,,,,29112843
2178,,,,,,29699300
2179,,,,,,30535900
2180,,,,,,31372500
2181,,,,,,32208263
2182,,,,,,27105003
2183,,,,,,27523303
2184,,,,,,28108923
2185,,,,,,20078400
2186,,,,,,24679700
2187,,,,,,31372082
2188,,,,,,0
2189,,,,,,0
2190,,,,,,0
2191,,,,,,0
2192,,,,,,28861863
2193,,,,,,0
2194,,,,,,0
2195,,,,,,23340303
2196,,,,,,31313520
2197,,,,,,24671334
2198,,,,,,27272323
2199,,,,,,28422063
2200,,,,,,28427668
2201,,,,,,31288840
2202,,,,,,27599434
2203,,,,,,29281000
2204,,,,,,31372082
2205,,,,,,31372082
2206,,,,,,36392100
2207,,,,,,37646582
2208,,,,,,38901482
2209,,,,,,27189082
2210,,,,,,28403574
2211,,,,,,33463582
2212,,,,,,28861863
2213,,,,,,29112843
2214,,,,,,22587363
2215,,,,,,25599123
2216,,,,,,26770363
2217,,,,,,21332463
2218,,,,,,21416123
2219,,,,,,21750763
2220,,,,,,23823440
2221,,,,,,24009583
2222,,,,,,24344223
2223,,,,,,24427883
2224,,,,,,24762523
2225,,,,,,24762523
2226,,,,,,25013503
2227,,,,,,25180823
2228,,,,,,25264483
2229,,,,,,25431803
2230,,,,,,25599123
2231,,,,,,25850103
2232,,,,,,26268403
2233,,,,,,27426007
2234,,,,,,27476286
2235,,,,,,0
2236,,,,,,0
2237,,,,,,0
2238,,,,,,0
2239,,,,,,31324228
2240,,,,,,31372082
2241,,,,,,25014340
2242,,,,,,34216940
2243,,,,,,22245194
2244,,,,,,23081794
2245,,,,,,24754994
2246,,,,,,25591594
2247,,,,,,28101394
2248,,,,,,20663183
2249,,,,,,27523303
2250,,,,,,30744213
2251,,,,,,25933763
2252,,,,,,26603043
2253,,,,,,29280163
2254,,,,,,31371663
2255,,,,,,32626563
2256,,,,,,519528600
2257,,,,,,20997823
2258,,,,,,21918083
2259,,,,,,22671023
2260,,,,,,24762523
2261,,,,,,24929843
2262,,,,,,25013503
2263,,,,,,30702383
2264,,,,,,30786043
2265,,,,,,31288003
2266,,,,,,31538983
2267,,,,,,28021917
2268,,,,,,28272897
2269,,,,,,28440217
2270,,,,,,29363823
2271,,,,,,31455323
2272,,,,,,32877543
2273,,,,,,33379503
2274,,,,,,32623217
2275,,,,,,33041517
2276,,,,,,33459817
2277,,,,,,35551317
2278,,,,,,38061117
2279,,,,,,38479417
2280,,,,,,39316017
2281,,,,,,39734317
2282,,,,,,18404363
2283,,,,,,19073643
2284,,,,,,20663183
2285,,,,,,21081483
2286,,,,,,21248803
2287,,,,,,21834423
2288,,,,,,22252723
2289,,,,,,22336383
2290,,,,,,22838343
2291,,,,,,23340303
2292,,,,,,23423963
2293,,,,,,23674943
2294,,,,,,23842263
2295,,,,,,24176903
2296,,,,,,24176903
2297,,,,,,24762523
2298,,,,,,24762523
2299,,,,,,24846183
2300,,,,,,24846183
2301,,,,,,25515463
2302,,,,,,37647000
2303,,,,,,41746340
2304,,,,,,43691435
2305,,,,,,43921500
2306,,,,,,46013000
2307,,,,,,58478340
2308,,,,,,58478340
2309,,,,,,60653416
2310,,,,,,63999900
2311,,,,,,66927916
2312,,,,,,66928000
2313,,,,,,70107080
2314,,,,,,73537140
2315,,,,,,79393340
2316,,,,,,91691360
2317,,,,,,94117500
2318,,,,,,96209000
2319,,,,,,99973700
2320,,,,,,100308340
2321,,,,,,100308340
2322,,,,,,102065200
2323,,,,,,125071700
2324,,,,,,137620700
2325,,,,,,139712200
2326,,,,,,149751400
2327,,,,,,150169700
2328,,,,,,200700340
2329,,,,,,200700340
2330,,,,,,217097700
2331,,,,,,225463700
2332,,,,,,234248000
2333,,,,,,288627000
2334,,,,,,325437400
2335,,,,,,1045331700
2336,,,,,,15811740
2337,,,,,,35555500
2338,,,,,,37646916
2339,,,,,,41746340
2340,,,,,,53458740
2341,,,,,,53542316
2342,,,,,,56052200
2343,,,,,,57307100
2344,,,,,,62661340
2345,,,,,,63999900
2346,,,,,,64418200
2347,,,,,,65673100
2348,,,,,,66844340
2349,,,,,,66928000
2350,,,,,,68517540
2351,,,,,,69856100
2352,,,,,,74875700
2353,,,,,,75210340
2354,,,,,,75210340
2355,,,,,,81986800
2356,,,,,,83241700
2357,,,,,,83659916
2358,,,,,,85751500
2359,,,,,,91105740
2360,,,,,,92026000
2361,,,,,,92026000
2362,,,,,,96125340
2363,,,,,,96209000
2364,,,,,,96209000
2365,,,,,,99973700
2366,,,,,,100308340
2367,,,,,,100383634
2368,,,,,,104491340
2369,,,,,,105160620
2370,,,,,,108758000
2371,,,,,,112857340
2372,,,,,,112857340
2373,,,,,,114446880
2374,,,,,,116705700
2375,,,,,,120135676
2376,,,,,,121223340
2377,,,,,,121307000
2378,,,,,,125071700
2379,,,,,,132099140
2380,,,,,,140465140
2381,,,,,,141385400
2382,,,,,,141803700
2383,,,,,,141803700
2384,,,,,,142222000
2385,,,,,,148496500
2386,,,,,,163137000
2387,,,,,,171335680
2388,,,,,,183633700
2389,,,,,,183633700
2390,,,,,,184052000
2391,,,,,,195764400
2392,,,,,,204967000
2393,,,,,,208731700
2394,,,,,,208731700
2395,,,,,,208982680
2396,,,,,,217432340
2397,,,,,,233829700
2398,,,,,,246713340
2399,,,,,,250561700
2400,,,,,,250561700
2401,,,,,,300757700
2402,,,,,,301176000
2403,,,,,,347189000
2404,,,,,,417881700
2405,,,,,,468077700
2406,,,,,,43084900
2407,,,,,,50112340
2408,,,,,,50112340
2409,,,,,,52605408
2410,,,,,,53458740
2411,,,,,,54370634
2412,,,,,,55215600
2413,,,,,,57307100
2414,,,,,,58520170
2415,,,,,,61490100
2416,,,,,,69019500
2417,,,,,,70107080
2418,,,,,,71111000
2419,,,,,,81986800
2420,,,,,,82823400
2421,,,,,,108758000
2422,,,,,,175602340
2423,,,,,,234248000
2424,,,,,,321672700
2425,,,,,,20915000
2426,,,,,,31707140
2427,,,,,,45929340
2428,,,,,,54370634
2429,,,,,,66509700
2430,,,,,,73537140
2431,,,,,,79058700
2432,,,,,,92026000
2433,,,,,,98300500
2434,,,,,,60653416
2435,,,,,,64836500
2436,,,,,,68592834
2437,,,,,,71027340
2438,,,,,,74875700
2439,,,,,,75084850
2440,,,,,,75293916
2441,,,,,,83643268
2442,,,,,,85667840
2443,,,,,,92026000
2444,,,,,,92026000
2445,,,,,,96209000
2446,,,,,,98718800
2447,,,,,,99764550
2448,,,,,,100392000
2449,,,,,,104575000
2450,,,,,,115032500
2451,,,,,,115032500
2452,,,,,,119215500
2453,,,,,,121223340
2454,,,,,,121223340
2455,,,,,,122059940
2456,,,,,,125406340
2457,,,,,,129673000
2458,,,,,,157280800
2459,,,,,,158870340
2460,,,,,,175602340
2461,,,,,,200365700
2462,,,,,,227555200
2463,,,,,,267293700
2464,,,,,,313725000
2465,,,,,,25004970
2466,,,,,,50196000
2467,,,,,,54379000
2468,,,,,,58553634
2469,,,,,,58561916
2470,,,,,,64334540
2471,,,,,,65673100
2472,,,,,,69856100
2473,,,,,,81066540
2474,,,,,,87843000
2475,,,,,,106415520
2476,,,,,,117040340
2477,,,,,,125490000
2478,,,,,,166901700
2479,,,,,,166901700
2480,,,,,,183633700
2481,,,,,,184052000
2482,,,,,,196601000
2483,,,,,,48104500
2484,,,,,,50112340
2485,,,,,,54379000
2486,,,,,,55968540
2487,,,,,,61908400
2488,,,,,,66007740
2489,,,,,,115869100
2490,,,,,,116705700
2491,,,,,,117040340
2492,,,,,,150169700
2493,,,,,,166901700
2494,,,,,,175686000
2495,,,,,,225463700
2496,,,,,,38483600
2497,,,,,,41821634
2498,,,,,,44749734
2499,,,,,,49777700
2500,,,,,,50028680
2501,,,,,,52697434
2502,,,,,,55633900
2503,,,,,,74875700
2504,,,,,,74875700
2505,,,,,,75210340
2506,,,,,,81150116
2507,,,,,,81568500
2508,,,,,,82405100
2509,,,,,,83492680
2510,,,,,,87843000
2511,,,,,,87843000
2512,,,,,,97798540
2513,,,,,,99973700
2514,,,,,,100308340
2515,,,,,,104491340
2516,,,,,,106666500
2517,,,,,,108674340
2518,,,,,,116705700
2519,,,,,,117124000
2520,,,,,,125406340
2521,,,,,,129589340
2522,,,,,,139628540
2523,,,,,,142222000
2524,,,,,,148914800
2525,,,,,,157950080
2526,,,,,,158870340
2527,,,,,,163137000
2528,,,,,,165228500
2529,,,,,,166901700
2530,,,,,,175602340
2531,,,,,,175686000
2532,,,,,,184052000
2533,,,,,,188151340
2534,,,,,,200616680
2535,,,,,,200700340
2536,,,,,,250561700
2537,,,,,,275659700
2538,,,,,,334639916
2539,,,,,,351372000
2540,,,,,,368020340
2541,,,,,,414117000
2542,,,,,,527058000
2543,,,,,,33045700
2544,,,,,,36810400
2545,,,,,,41746340
2546,,,,,,41821634
2547,,,,,,42666600
2548,,,,,,43921500
2549,,,,,,44256140
2550,,,,,,46004634
2551,,,,,,46849516
2552,,,,,,50193908
2553,,,,,,58468970
2554,,,,,,58553634
2555,,,,,,58561916
2556,,,,,,60988140
2557,,,,,,62745000
2558,,,,,,62745000
2559,,,,,,63163300
2560,,,,,,63497940
2561,,,,,,64334540
2562,,,,,,64836500
2563,,,,,,66928000
2564,,,,,,66928000
2565,,,,,,71027340
2566,,,,,,72700540
2567,,,,,,72700540
2568,,,,,,73202500
2569,,,,,,74875700
2570,,,,,,75126680
2571,,,,,,75294000
2572,,,,,,77377134
2573,,,,,,79393340
2574,,,,,,79477000
2575,,,,,,83576340
2576,,,,,,83659916
2577,,,,,,90269140
2578,,,,,,92026000
2579,,,,,,99890040
2580,,,,,,99973700
2581,,,,,,100308340
2582,,,,,,100308340
2583,,,,,,100308340
2584,,,,,,100308340
2585,,,,,,108339700
2586,,,,,,108758000
2587,,,,,,117040340
2588,,,,,,117124000
2589,,,,,,125406340
2590,,,,,,125489916
2591,,,,,,129589340
2592,,,,,,138039000
2593,,,,,,141218080
2594,,,,,,141803700
2595,,,,,,146405000
2596,,,,,,148078200
2597,,,,,,154771000
2598,,,,,,158954000
2599,,,,,,158954000
2600,,,,,,164726540
2601,,,,,,175267700
2602,,,,,,175686000
2603,,,,,,183633700
2604,,,,,,183633700
2605,,,,,,183968340
2606,,,,,,188235000
2607,,,,,,191497740
2608,,,,,,191497740
2609,,,,,,209150000
2610,,,,,,214169600
2611,,,,,,217348680
2612,,,,,,233829700
2613,,,,,,233829700
2614,,,,,,234248000
2615,,,,,,250561700
2616,,,,,,250812680
2617,,,,,,263529000
2618,,,,,,267628340
2619,,,,,,271895000
2620,,,,,,275659700
2621,,,,,,275994340
2622,,,,,,280177340
2623,,,,,,288627000
2624,,,,,,322007340
2625,,,,,,334221700
2626,,,,,,376051700
2627,,,,,,414117000
2628,,,,,,491502500
2629,,,,,,509907700
2630,,,,,,543790000
2631,,,,,,568888000
2632,,,,,,15016970
2633,,,,,,33296680
2634,,,,,,36726740
2635,,,,,,43921500
2636,,,,,,48104500
2637,,,,,,56805140
2638,,,,,,58478340
2639,,,,,,62745000
2640,,,,,,66509700
2641,,,,,,70190740
2642,,,,,,71027340
2643,,,,,,79309680
2644,,,,,,83241700
2645,,,,,,96209000
2646,,,,,,98300416
2647,,,,,,100392000
2648,,,,,,112941000
2649,,,,,,116705700
2650,,,,,,117124000
2651,,,,,,121307000
2652,,,,,,133437700
2653,,,,,,16305334
2654,,,,,,18355004
2655,,,,,,18823416
2656,,,,,,22998134
2657,,,,,,23006500
2658,,,,,,24261400
2659,,,,,,30109234
2660,,,,,,30117600
2661,,,,,,30535900
2662,,,,,,31364134
2663,,,,,,31790800
2664,,,,,,35430010
2665,,,,,,36810400
2666,,,,,,37228700
2667,,,,,,38483600
2668,,,,,,42582940
2669,,,,,,45092740
2670,,,,,,45092740
2671,,,,,,45594700
2672,,,,,,45929340
2673,,,,,,47518880
2674,,,,,,48514434
2675,,,,,,48514434
2676,,,,,,49777700
2677,,,,,,56805140
2678,,,,,,56846970
2679,,,,,,59816900
2680,,,,,,59892194
2681,,,,,,92026000
2682,,,,,,100392000
2683,,,,,,10039200
2684,,,,,,18823416
2685,,,,,,18823416
2686,,,,,,18823416
2687,,,,,,22169900
2688,,,,,,23843100
2689,,,,,,25089634
2690,,,,,,25516300
2691,,,,,,25934600
2692,,,,,,25934600
2693,,,,,,29281000
2694,,,,,,29281000
2695,,,,,,30535900
2696,,,,,,30535900
2697,,,,,,30535900
2698,,,,,,30870540
2699,,,,,,30954200
2700,,,,,,31790800
2701,,,,,,32627400
2702,,,,,,33045700
2703,,,,,,33045700
2704,,,,,,33380340
2705,,,,,,33464000
2706,,,,,,33464000
2707,,,,,,33464000
2708,,,,,,34300600
2709,,,,,,34300600
2710,,,,,,34718900
2711,,,,,,35555500
2712,,,,,,35965434
2713,,,,,,36392100
2714,,,,,,36806217
2715,,,,,,36810400
2716,,,,,,37228700
2717,,,,,,37228700
2718,,,,,,37563340
2719,,,,,,37647000
2720,,,,,,37647000
2721,,,,,,37647000
2722,,,,,,38901900
2723,,,,,,38901900
2724,,,,,,40575100
2725,,,,,,40909740
2726,,,,,,40993400
2727,,,,,,41746340
2728,,,,,,41829916
2729,,,,,,41830000
2730,,,,,,43084900
2731,,,,,,43921500
2732,,,,,,44339800
2733,,,,,,45803850
2734,,,,,,46013000
2735,,,,,,46431300
2736,,,,,,48104500
2737,,,,,,49358563
2738,,,,,,50112340
2739,,,,,,50112340
2740,,,,,,51032600
2741,,,,,,51869200
2742,,,,,,52287500
2743,,,,,,54370634
2744,,,,,,54379000
2745,,,,,,58562000
2746,,,,,,64836500
2747,,,,,,69354140
2748,,,,,,71111000
2749,,,,,,71939234
2750,,,,,,76548900
2751,,,,,,79477000
2752,,,,,,91607700
2753,,,,,,92026000
2754,,,,,,99973700
2755,,,,,,108758000
2756,,,,,,117124000
2757,,,,,,120888700
2758,,,,,,121725300
2759,,,,,,163137000
2760,,,,,,4592934
2761,,,,,,12883640
2762,,,,,,16723634
2763,,,,,,18823500
2764,,,,,,23416434
2765,,,,,,26352900
2766,,,,,,26352900
2767,,,,,,26771200
2768,,,,,,27189500
2769,,,,,,27607800
2770,,,,,,30870540
2771,,,,,,30954200
2772,,,,,,31372500
2773,,,,,,31790800
2774,,,,,,32209100
2775,,,,,,32619034
2776,,,,,,33045700
2777,,,,,,34551580
2778,,,,,,34718900
2779,,,,,,34718900
2780,,,,,,35555500
2781,,,,,,35555500
2782,,,,,,36802034
2783,,,,,,36810400
2784,,,,,,37638634
2785,,,,,,48521963
2786,,,,,,48941100
2787,,,,,,48941100
2788,,,,,,50196000
2789,,,,,,51032600
2790,,,,,,52287500
2791,,,,,,54295340
2792,,,,,,54370634
2793,,,,,,56051363
2794,,,,,,57264433
2795,,,,,,60569840
2796,,,,,,62576843
2797,,,,,,63999900
2798,,,,,,68601200
2799,,,,,,68601200
2800,,,,,,73089559
2801,,,,,,78640400
2802,,,,,,80313600
2803,,,,,,83241700
2804,,,,,,87843000
2805,,,,,,94117500
2806,,,,,,100308340
2807,,,,,,104575000
2808,,,,,,116203740
2809,,,,,,133019400
2810,,,,,,145150100
2811,,,,,,146405000
2812,,,,,,181960500
2813,,,,,,1254900
2814,,,,,,7111100
2815,,,,,,7521034
2816,,,,,,9202600
2817,,,,,,10624736
2818,,,,,,14640500
2819,,,,,,17568600
2820,,,,,,18313174
2821,,,,,,19994740
2822,,,,,,21333300
2823,,,,,,21584280
2824,,,,,,21751600
2825,,,,,,23416434
2826,,,,,,23424800
2827,,,,,,24261400
2828,,,,,,25265320
2829,,,,,,26269240
2830,,,,,,26520220
2831,,,,,,26762834
2832,,,,,,26771200
2833,,,,,,26771200
2834,,,,,,29272634
2835,,,,,,30033940
2836,,,,,,30117600
2837,,,,,,30535900
2838,,,,,,30535900
2839,,,,,,33254850
2840,,,,,,33882300
2841,,,,,,34718900
2842,,,,,,36834661
2843,,,,,,38901900
2844,,,,,,39320200
2845,,,,,,39738500
2846,,,,,,40575100
2847,,,,,,41829916
2848,,,,,,41830000
2849,,,,,,42582940
2850,,,,,,45176400
2851,,,,,,46849600
2852,,,,,,50614300
2853,,,,,,51450900
2854,,,,,,55801220
2855,,,,,,56051363
2856,,,,,,57307100
2857,,,,,,58562000
2858,,,,,,64836500
2859,,,,,,69019500
2860,,,,,,71027340
2861,,,,,,73194134
2862,,,,,,83233334
2863,,,,,,86588100
2864,,,,,,116287400
2865,,,,,,305275340
2866,,,,,,11712400
2867,,,,,,20831340
2868,,,,,,22579834
2869,,,,,,23416434
2870,,,,,,23424800
2871,,,,,,23843100
2872,,,,,,25056170
2873,,,,,,25516300
2874,,,,,,25926234
2875,,,,,,26352900
2876,,,,,,26771200
2877,,,,,,27599434
2878,,,,,,28360740
2879,,,,,,28444400
2880,,,,,,30117600
2881,,,,,,30527534
2882,,,,,,30535900
2883,,,,,,30945834
2884,,,,,,30945834
2885,,,,,,31372500
2886,,,,,,31707140
2887,,,,,,33380340
2888,,,,,,33380340
2889,,,,,,33455634
2890,,,,,,33631320
2891,,,,,,35137200
2892,,,,,,35137200
2893,,,,,,35555500
2894,,,,,,37638634
2895,,,,,,39738500
2896,,,,,,40566734
2897,,,,,,41411700
2898,,,,,,44256140
2899,,,,,,44331434
2900,,,,,,44758100
2901,,,,,,45427380
2902,,,,,,46013000
2903,,,,,,48104500
2904,,,,,,50187634
2905,,,,,,51869200
2906,,,,,,54370634
2907,,,,,,60235200
2908,,,,,,60611670
2909,,,,,,60653500
2910,,,,,,66928000
2911,,,,,,69019500
2912,,,,,,71027340
2913,,,,,,71102634
2914,,,,,,72700540
2915,,,,,,75285634
2916,,,,,,75285634
2917,,,,,,90143650
2918,,,,,,108749634
2919,,,,,,117040340
2920,,,,,,131764500
2921,,,,,,138039000
2922,,,,,,138039000
2923,,,,,,9620900
2924,,,,,,12958934
2925,,,,,,15226120
2926,,,,,,16732000
2927,,,,,,17986900
2928,,,,,,18405200
2929,,,,,,20831340
2930,,,,,,27189500
2931,,,,,,27189500
2932,,,,,,27599434
2933,,,,,,27607800
2934,,,,,,28342084
2935,,,,,,29281000
2936,,,,,,30535900
2937,,,,,,31372500
2938,,,,,,32209100
2939,,,,,,37647000
2940,,,,,,39738500
2941,,,,,,44758100
2942,,,,,,45594700
2943,,,,,,48941100
2944,,,,,,49602014
2945,,,,,,49777700
2946,,,,,,77385500
2947,,,,,,92026000
2948,,,,,,92026000
2949,,,,,,117040340
2950,,,,,,142138340
2951,,,,,,267712000
2952,,,,,,23006500
2953,,,,,,25098000
2954,,,,,,25934600
2955,,,,,,33380340
2956,,,,,,35095370
2957,,,,,,43419540
2958,,,,,,51450900
2959,,,,,,56470500
2960,,,,,,71102634
2961,,,,,,79393340
2962,,,,,,100392000
2963,,,,,,836600
2964,,,,,,5437900
2965,,,,,,6684434
2966,,,,,,14640500
2967,,,,,,16732000
2968,,,,,,17560234
2969,,,,,,17568600
2970,,,,,,19149774
2971,,,,,,23006500
2972,,,,,,24261400
2973,,,,,,28026100
2974,,,,,,28687014
2975,,,,,,29239170
2976,,,,,,31372500
2977,,,,,,31782434
2978,,,,,,32627400
2979,,,,,,33045700
2980,,,,,,33455634
2981,,,,,,33882300
2982,,,,,,34384260
2983,,,,,,35965434
2984,,,,,,37638634
2985,,,,,,37646916
2986,,,,,,38064463
2987,,,,,,39738500
2988,,,,,,41821634
2989,,,,,,42658234
2990,,,,,,42665763
2991,,,,,,43921500
2992,,,,,,45594700
2993,,,,,,45594700
2994,,,,,,46004634
2995,,,,,,48104500
2996,,,,,,48439140
2997,,,,,,48941100
2998,,,,,,54370634
2999,,,,,,62326700
3000,,,,,,64836500
3001,,,,,,66919634
3002,,,,,,70190740
3003,,,,,,75210340
3004,,,,,,77385500
3005,,,,,,8775934
3006,,,,,,11628740
3007,,,,,,13971220
3008,,,,,,17568600
3009,,,,,,18405200
3010,,,,,,18823500
3011,,,,,,27189500
3012,,,,,,27523722
3013,,,,,,28360740
3014,,,,,,51785540
3015,,,,,,54370634
3016,,,,,,15895400
3017,,,,,,18572520
3018,,,,,,22161534
3019,,,,,,22504540
3020,,,,,,23006500
3021,,,,,,23416434
3022,,,,,,23843100
3023,,,,,,25089634
3024,,,,,,26771200
3025,,,,,,27900610
3026,,,,,,30200842
3027,,,,,,31973179
3028,,,,,,32209100
3029,,,,,,33882300
3030,,,,,,56470500
3031,,,,,,4183000
3032,,,,,,4935940
3033,,,,,,6274500
3034,,,,,,6614494
3035,,,,,,8357634
3036,,,,,,8784300
3037,,,,,,10030834
3038,,,,,,10030834
3039,,,,,,11294100
3040,,,,,,11704034
3041,,,,,,12540634
3042,,,,,,13385600
3043,,,,,,14640500
3044,,,,,,14640500
3045,,,,,,14975140
3046,,,,,,15016970
3047,,,,,,15058800
3048,,,,,,16648340
3049,,,,,,16732000
3050,,,,,,17568516
3051,,,,,,18823500
3052,,,,,,18823500
3053,,,,,,18823500
3054,,,,,,19158140
3055,,,,,,19994656
3056,,,,,,20070034
3057,,,,,,20070034
3058,,,,,,20915000
3059,,,,,,21743234
3060,,,,,,21743234
3061,,,,,,21751600
3062,,,,,,22588200
3063,,,,,,22588200
3064,,,,,,22588200
3065,,,,,,23341140
3066,,,,,,23424800
3067,,,,,,23843100
3068,,,,,,24679700
3069,,,,,,25014340
3070,,,,,,25850940
3071,,,,,,26687540
3072,,,,,,27189500
3073,,,,,,27189500
3074,,,,,,27607800
3075,,,,,,28017734
3076,,,,,,28025263
3077,,,,,,29281000
3078,,,,,,31372500
3079,,,,,,34300600
3080,,,,,,35555500
3081,,,,,,40575100
3082,,,,,,42666600
3083,,,,,,50196000
3084,,,,,,58553634
3085,,,,,,62745000
3086,,,,,,133437700
3087,,,,,,5019600
3088,,,,,,6684434
3089,,,,,,8365916
3090,,,,,,9202600
3091,,,,,,10867434
3092,,,,,,12130700
3093,,,,,,14138540
3094,,,,,,14213834
3095,,,,,,15468734
3096,,,,,,16522850
3097,,,,,,16606510
3098,,,,,,16732000
3099,,,,,,17978534
3100,,,,,,18396834
3101,,,,,,19074480
3102,,,,,,19660100
3103,,,,,,19743760
3104,,,,,,20078400
3105,,,,,,20496700
3106,,,,,,20906634
3107,,,,,,20915000
3108,,,,,,20915000
3109,,,,,,20915000
3110,,,,,,21333300
3111,,,,,,21333300
3112,,,,,,21584280
3113,,,,,,21743234
3114,,,,,,21743234
3115,,,,,,21751600
3116,,,,,,21751600
3117,,,,,,22579834
3118,,,,,,22588200
3119,,,,,,23006500
3120,,,,,,23006500
3121,,,,,,23416434
3122,,,,,,23424800
3123,,,,,,23834734
3124,,,,,,25089634
3125,,,,,,25098000
3126,,,,,,25098000
3127,,,,,,26344534
3128,,,,,,27189500
3129,,,,,,27314990
3130,,,,,,28360740
3131,,,,,,29272634
3132,,,,,,30109234
3133,,,,,,30945834
3134,,,,,,31205180
3135,,,,,,33455634
3136,,,,,,33464000
3137,,,,,,16732000
3138,,,,,,17568600
3139,,,,,,17986900
3140,,,,,,18028730
3141,,,,,,20496700
3142,,,,,,23006500
3143,,,,,,23757767
3144,,,,,,24671334
3145,,,,,,25089634
3146,,,,,,25098000
3147,,,,,,25933763
3148,,,,,,26352900
3149,,,,,,26687540
3150,,,,,,26762834
3151,,,,,,27607716
3152,,,,,,29197340
3153,,,,,,29272634
3154,,,,,,31288840
3155,,,,,,32627400
3156,,,,,,33045700
3157,,,,,,38483600
3158,,,,,,40156800
3159,,,,,,41788170
3160,,,,,,45176400
3161,,,,,,60653500
3162,,,,,,69814270
3163,,,,,,108749634
3164,,,,,,3137250
3165,,,,,,4174634
3166,,,,,,4183000
3167,,,,,,11503250
3168,,,,,,12298020
3169,,,,,,12540634
3170,,,,,,12967300
3171,,,,,,15477100
3172,,,,,,15477100
3173,,,,,,16732000
3174,,,,,,17568600
3175,,,,,,18815134
3176,,,,,,18823500
3177,,,,,,19651734
3178,,,,,,19819054
3179,,,,,,20078400
3180,,,,,,20078400
3181,,,,,,20915000
3182,,,,,,20915000
3183,,,,,,20915000
3184,,,,,,21751600
3185,,,,,,21751600
3186,,,,,,22588200
3187,,,,,,22588200
3188,,,,,,23424800
3189,,,,,,24253034
3190,,,,,,25022622
3191,,,,,,27181134
3192,,,,,,28443563
3193,,,,,,28444400
3194,,,,,,29272634
3195,,,,,,30945834
3196,,,,,,32209100
3197,,,,,,33196288
3198,,,,,,39311834
3199,,,,,,48514434
3200,,,,,,2091500
3201,,,,,,6684434
3202,,,,,,6692800
3203,,,,,,7111100
3204,,,,,,9118940
3205,,,,,,10457500
3206,,,,,,10875800
3207,,,,,,11704034
3208,,,,,,12363107
3209,,,,,,14213834
3210,,,,,,15058800
3211,,,,,,16062720
3212,,,,,,16690170
3213,,,,,,18405200
3214,,,,,,18689644
3215,,,,,,18823500
3216,,,,,,19241800
3217,,,,,,19660100
3218,,,,,,21743234
3219,,,,,,21743234
3220,,,,,,21751600
3221,,,,,,21835260
3222,,,,,,22169900
3223,,,,,,23006500
3224,,,,,,24253034
3225,,,,,,25098000
3226,,,,,,25098000
3227,,,,,,26762834
3228,,,,,,27565970
3229,,,,,,28862700
3230,,,,,,29699300
3231,,,,,,31288840
3232,,,,,,32627400
3233,,,,,,35923604
3234,,,,,,39730134
3235,,,,,,40993400
3236,,,,,,43176926
3237,,,,,,72867860
3238,,,,,,13385600
3239,,,,,,16062720
3240,,,,,,18823500
3241,,,,,,20070034
3242,,,,,,20078400
3243,,,,,,20488334
3244,,,,,,23843100
3245,,,,,,32209100
3246,,,,,,5772540
3247,,,,,,7529400
3248,,,,,,12967300
3249,,,,,,15887034
3250,,,,,,16723634
3251,,,,,,17560234
3252,,,,,,17986900
3253,,,,,,18396834
3254,,,,,,18823500
3255,,,,,,18823500
3256,,,,,,18907160
3257,,,,,,19233434
3258,,,,,,20496700
3259,,,,,,26687540
3260,,,,,,33380340
3261,,,,,,35965434
3262,,,,,,44758100
3263,,,,,,81568500
3264,,,,,,4935940
3265,,,,,,7939334
3266,,,,,,8616980
3267,,,,,,9202600
3268,,,,,,10039200
3269,,,,,,11285734
3270,,,,,,11294100
3271,,,,,,11461420
3272,,,,,,11704034
3273,,,,,,12038674
3274,,,,,,12130700
3275,,,,,,12540634
3276,,,,,,12540634
3277,,,,,,12549000
3278,,,,,,13803900
3279,,,,,,14556840
3280,,,,,,14632134
3281,,,,,,14632134
3282,,,,,,15050434
3283,,,,,,15050434
3284,,,,,,15050434
3285,,,,,,15477100
3286,,,,,,16648340
3287,,,,,,16723634
3288,,,,,,16723634
3289,,,,,,16732000
3290,,,,,,16732000
3291,,,,,,16732000
3292,,,,,,17643894
3293,,,,,,17986900
3294,,,,,,17986900
3295,,,,,,18823500
3296,,,,,,19195285
3297,,,,,,19325460
3298,,,,,,19534610
3299,,,,,,19651734
3300,,,,,,20070034
3301,,,,,,20070034
3302,,,,,,20070034
3303,,,,,,20070034
3304,,,,,,20078400
3305,,,,,,20078400
3306,,,,,,20321014
3307,,,,,,20496700
3308,,,,,,20705850
3309,,,,,,20915000
3310,,,,,,20915000
3311,,,,,,20915000
3312,,,,,,20915000
3313,,,,,,20915000
3314,,,,,,21333300
3315,,,,,,21333300
3316,,,,,,21734868
3317,,,,,,21743234
3318,,,,,,21743234
3319,,,,,,21960750
3320,,,,,,22169900
3321,,,,,,23173820
3322,,,,,,23341140
3323,,,,,,23416434
3324,,,,,,23843100
3325,,,,,,23843100
3326,,,,,,23843100
3327,,,,,,24261400
3328,,,,,,24261400
3329,,,,,,24671334
3330,,,,,,25014340
3331,,,,,,25056170
3332,,,,,,25097916
3333,,,,,,25098000
3334,,,,,,25507934
3335,,,,,,25516300
3336,,,,,,25892770
3337,,,,,,26269240
3338,,,,,,26428194
3339,,,,,,27599434
3340,,,,,,27607800
3341,,,,,,28026100
3342,,,,,,28360740
3343,,,,,,28436034
3344,,,,,,28854334
3345,,,,,,29281000
3346,,,,,,29281000
3347,,,,,,30954200
3348,,,,,,31372500
3349,,,,,,31707140
3350,,,,,,33455634
3351,,,,,,33882300
3352,,,,,,35095370
3353,,,,,,36810400
3354,,,,,,37496412
3355,,,,,,39738500
3356,,,,,,40156800
3357,,,,,,41821634
3358,,,,,,41830000
3359,,,,,,43494834
3360,,,,,,43628690
3361,,,,,,44758100
3362,,,,,,45929340
3363,,,,,,48096134
3364,,,,,,48982930
3365,,,,,,49434694
3366,,,,,,58562000
3367,,,,,,73537140
3368,,,,,,117124000
3369,,,,,,317908000
3370,,,,,,376470000
3371,,,,,,460130000
3372,,,,,,1798690
3373,,,,,,9620900
3374,,,,,,10875800
3375,,,,,,11285734
3376,,,,,,11921550
3377,,,,,,12549000
3378,,,,,,13385600
3379,,,,,,13803900
3380,,,,,,16731916
3381,,,,,,17560234
3382,,,,,,18405200
3383,,,,,,18823500
3384,,,,,,18823500
3385,,,,,,20906634
3386,,,,,,21751600
3387,,,,,,22128070
3388,,,,,,24783857
3389,,,,,,25202157
3390,,,,,,26191018
3391,,,,,,28026100
3392,,,,,,29272634
3393,,,,,,30535900
3394,,,,,,30608266
3395,,,,,,31372500
3396,,,,,,32627400
3397,,,,,,33463163
3398,,,,,,33463582
3399,,,,,,37034609
3400,,,,,,41654230
3401,,,,,,57717034
3402,,,,,,66844340
3403,,,,,,105327940
3404,,,,,,196601000
3405,,,,,,6692800
3406,,,,,,9194234
3407,,,,,,10867434
3408,,,,,,13803900
3409,,,,,,15477100
3410,,,,,,16062720
3411,,,,,,20496700
3412,,,,,,21743234
3413,,,,,,21751600
3414,,,,,,22588200
3415,,,,,,30116763
3416,,,,,,35136363
3417,,,,,,41821634
3418,,,,,,5856200
3419,,,,,,8784300
3420,,,,,,12130700
3421,,,,,,12465340
3422,,,,,,12549000
3423,,,,,,13377234
3424,,,,,,13803900
3425,,,,,,14640500
3426,,,,,,14640500
3427,,,,,,15050434
3428,,,,,,17141934
3429,,,,,,19827420
3430,,,,,,20496700
3431,,,,,,20915000
3432,,,,,,20915000
3433,,,,,,21584280
3434,,,,,,22496174
3435,,,,,,23006500
3436,,,,,,23424800
3437,,,,,,25098000
3438,,,,,,27189500
3439,,,,,,29113680
3440,,,,,,30109234
3441,,,,,,31372500
3442,,,,,,36392100
3443,,,,,,41830000
3444,,,,,,49275740
3445,,,,,,74875700
3446,,,,,,167311634
3447,,,,,,3338034
3448,,,,,,14807820
3449,,,,,,20998660
3450,,,,,,24261400
3451,,,,,,25926234
3452,,,,,,28444400
3453,,,,,,29699300
3454,,,,,,31321467
3455,,,,,,33045700
3456,,,,,,35128834
3457,,,,,,98635140
3458,,,,,,9612534
3459,,,,,,10875800
3460,,,,,,16313700
3461,,,,,,18823500
3462,,,,,,19241800
3463,,,,,,20571994
3464,,,,,,21542450
3465,,,,,,22169900
3466,,,,,,23299310
3467,,,,,,4601300
3468,,,,,,13385600
3469,,,,,,15887034
3470,,,,,,19158140
3471,,,,,,33463916
3472,,,,,,36392100
3473,,,,,,39738500
3474,,,,,,39738500
3475,,,,,,44360715
3476,,,,,,56888800
3477,,,,,,99973700
3478,,,,,,104575000
3479,,,,,,11712400
3480,,,,,,12172530
3481,,,,,,12540634
3482,,,,,,12540634
3483,,,,,,15477100
3484,,,,,,16722630
3485,,,,,,17141934
3486,,,,,,17986900
3487,,,,,,20070034
3488,,,,,,20914916
3489,,,,,,23834734
3490,,,,,,27180130
3491,,,,,,27607800
3492,,,,,,33455634
3493,,,,,,37228700
3494,,,,,,41830000
3495,,,,,,43921500
3496,,,,,,45594700
3497,,,,,,48941100
3498,,,,,,51450900
3499,,,,,,54370634
3500,,,,,,57717034
3501,,,,,,71111000
3502,,,,,,669280
3503,,,,,,11921550
3504,,,,,,12465340
3505,,,,,,12549000
3506,,,,,,13385600
3507,,,,,,15477100
3508,,,,,,15887034
3509,,,,,,15887034
3510,,,,,,15887034
3511,,,,,,15895400
3512,,,,,,16062720
3513,,,,,,16313700
3514,,,,,,16313700
3515,,,,,,16723634
3516,,,,,,16723634
3517,,,,,,16723634
3518,,,,,,16723634
3519,,,,,,16723634
3520,,,,,,17568600
3521,,,,,,18815134
3522,,,,,,18815134
3523,,,,,,19158140
3524,,,,,,20039247
3525,,,,,,20070034
3526,,,,,,20070034
3527,,,,,,20906634
3528,,,,,,20906634
3529,,,,,,20906634
3530,,,,,,21751600
3531,,,,,,21751600
3532,,,,,,23416434
3533,,,,,,23416434
3534,,,,,,23424800
3535,,,,,,24253034
3536,,,,,,24253034
3537,,,,,,24930680
3538,,,,,,25014340
3539,,,,,,25926234
3540,,,,,,25934600
3541,,,,,,27189500
3542,,,,,,27599434
3543,,,,,,28026100
3544,,,,,,28436034
3545,,,,,,28436034
3546,,,,,,29699300
3547,,,,,,30954200
3548,,,,,,32619034
3549,,,,,,33455634
3550,,,,,,33464000
3551,,,,,,33882300
3552,,,,,,34635240
3553,,,,,,40148434
3554,,,,,,40993400
3555,,,,,,41821634
3556,,,,,,43586860
3557,,,,,,46841234
3558,,,,,,49351034
3559,,,,,,54379000
3560,,,,,,56880434
3561,,,,,,58478340
3562,,,,,,70735952
3563,,,,,,75285634
3564,,,,,,100308340
3565,,,,,,108758000
3566,,,,,,9194234
3567,,,,,,12799980
3568,,,,,,14640500
3569,,,,,,15644420
3570,,,,,,16648340
3571,,,,,,16723634
3572,,,,,,17986900
3573,,,,,,20906634
3574,,,,,,22588200
3575,,,,,,26352900
3576,,,,,,27189500
3577,,,,,,27607800
3578,,,,,,33455634
3579,,,,,,35555500
3580,,,,,,35965434
3581,,,,,,39738500
3582,,,,,,40575100
3583,,,,,,41829916
3584,,,,,,58553634
3585,,,,,,2919734
3586,,,,,,3338034
3587,,,,,,10039200
3588,,,,,,11210440
3589,,,,,,12716320
3590,,,,,,15058800
3591,,,,,,15811740
3592,,,,,,16648340
3593,,,,,,19241800
3594,,,,,,20914916
3595,,,,,,21324934
3596,,,,,,22161534
3597,,,,,,22579834
3598,,,,,,24177740
3599,,,,,,64418200
3600,,,,,,133856000
3601,,,,,,9453580
3602,,,,,,10792140
3603,,,,,,12549000
3604,,,,,,14222200
3605,,,,,,14975140
3606,,,,,,17560234
3607,,,,,,17568600
3608,,,,,,17735920
3609,,,,,,19651734
3610,,,,,,19660100
3611,,,,,,19660100
3612,,,,,,20496700
3613,,,,,,22579834
3614,,,,,,28854334
3615,,,,,,30954200
3616,,,,,,32209100
3617,,,,,,100392000
3618,,,,,,115032500
3619,,,,,,3513720
3620,,,,,,10457500
3621,,,,,,17735920
3622,,,,,,20078400
3623,,,,,,38893534
3624,,,,,,14222200
3625,,,,,,15050434
3626,,,,,,15050434
3627,,,,,,16723634
3628,,,,,,16723634
3629,,,,,,25089634
3630,,,,,,25089634
3631,,,,,,25926234
3632,,,,,,26771200
3633,,,,,,27599434
3634,,,,,,27607800
3635,,,,,,30954200
3636,,,,,,31372500
3637,,,,,,39730134
3638,,,,,,50187634
3639,,,,,,79468634
3640,,,,,,7529400
3641,,,,,,8282340
3642,,,,,,9202600
3643,,,,,,9612534
3644,,,,,,10449134
3645,,,,,,10457500
3646,,,,,,10959460
3647,,,,,,11285734
3648,,,,,,12130700
3649,,,,,,12967300
3650,,,,,,13042594
3651,,,,,,13377234
3652,,,,,,13385516
3653,,,,,,13803900
3654,,,,,,14222200
3655,,,,,,14222200
3656,,,,,,14222200
3657,,,,,,15477100
3658,,,,,,15477100
3659,,,,,,15477100
3660,,,,,,15895400
3661,,,,,,16732000
3662,,,,,,17568600
3663,,,,,,17568600
3664,,,,,,18321540
3665,,,,,,18898794
3666,,,,,,19158140
3667,,,,,,19233434
3668,,,,,,19651734
3669,,,,,,20898268
3670,,,,,,20906634
3671,,,,,,20906634
3672,,,,,,20906634
3673,,,,,,20914916
3674,,,,,,21743234
3675,,,,,,21751600
3676,,,,,,21751600
3677,,,,,,23675780
3678,,,,,,23843100
3679,,,,,,24253034
3680,,,,,,24253034
3681,,,,,,24671334
3682,,,,,,25081268
3683,,,,,,25089634
3684,,,,,,25089634
3685,,,,,,25098000
3686,,,,,,26344534
3687,,,,,,26762834
3688,,,,,,27189500
3689,,,,,,27189500
3690,,,,,,27189500
3691,,,,,,27189500
3692,,,,,,27189500
3693,,,,,,28444400
3694,,,,,,28862700
3695,,,,,,29272634
3696,,,,,,29281000
3697,,,,,,30033940
3698,,,,,,30527534
3699,,,,,,30535063
3700,,,,,,30535900
3701,,,,,,31748970
3702,,,,,,31782434
3703,,,,,,31790800
3704,,,,,,31873623
3705,,,,,,31873623
3706,,,,,,32619034
3707,,,,,,33422170
3708,,,,,,33455634
3709,,,,,,35890140
3710,,,,,,36726740
3711,,,,,,38475234
3712,,,,,,40148434
3713,,,,,,41821634
3714,,,,,,41830000
3715,,,,,,41830000
3716,,,,,,46004634
3717,,,,,,47602540
3718,,,,,,53115734
3719,,,,,,53952334
3720,,,,,,54379000
3721,,,,,,57725400
3722,,,,,,58478340
3723,,,,,,58553634
3724,,,,,,65171140
3725,,,,,,71102634
3726,,,,,,5521560
3727,,,,,,12130700
3728,,,,,,12540634
3729,,,,,,12540634
3730,,,,,,13301940
3731,,,,,,13803900
3732,,,,,,14473180
3733,,,,,,14548474
3734,,,,,,16313700
3735,,,,,,20496700
3736,,,,,,20915000
3737,,,,,,22169900
3738,,,,,,23408068
3739,,,,,,23843100
3740,,,,,,28854334
3741,,,,,,29281000
3742,,,,,,31707140
3743,,,,,,35137116
3744,,,,,,37220334
3745,,,,,,46013000
3746,,,,,,52287500
3747,,,,,,62661340
3748,,,,,,250980000
3749,,,,,,3338034
3750,,,,,,5437900
3751,,,,,,10457500
3752,,,,,,10457500
3753,,,,,,13803900
3754,,,,,,16305334
3755,,,,,,16723634
3756,,,,,,17986900
3757,,,,,,22998134
3758,,,,,,23424800
3759,,,,,,25516300
3760,,,,,,31707140
3761,,,,,,43913134
3762,,,,,,44256140
3763,,,,,,62745000
3764,,,,,,62745000
3765,,,,,,99555400
3766,,,,,,108758000
3767,,,,,,108758000
3768,,,,,,209150000
3769,,,,,,8357634
3770,,,,,,10030834
3771,,,,,,12540634
3772,,,,,,12548916
3773,,,,,,12549000
3774,,,,,,13385600
3775,,,,,,13678410
3776,,,,,,14222200
3777,,,,,,20906634
3778,,,,,,23006500
3779,,,,,,29272634
3780,,,,,,35471840
3781,,,,,,66919634
3782,,,,,,73612434
3783,,,,,,209150000
3784,,,,,,209150000
3785,,,,,,20915000
3786,,,,,,25089634
3787,,,,,,11628740
3788,,,,,,14222200
3789,,,,,,18396834
3790,,,,,,18739840
3791,,,,,,19158140
3792,,,,,,20906634
3793,,,,,,25089634
3794,,,,,,27189500
3795,,,,,,29272634
3796,,,,,,33455634
3797,,,,,,43084900
3798,,,,,,43419540
3799,,,,,,49777700
3800,,,,,,52697434
3801,,,,,,59390234
3802,,,,,,61063434
3803,,,,,,4183000
3804,,,,,,14213834
3805,,,,,,14640500
3806,,,,,,15853570
3807,,,,,,16723634
3808,,,,,,17777750
3809,,,,,,17986900
3810,,,,,,18196050
3811,,,,,,18405200
3812,,,,,,18815134
3813,,,,,,18815134
3814,,,,,,19241800
3815,,,,,,19400670
3816,,,,,,20070034
3817,,,,,,20906634
3818,,,,,,21324934
3819,,,,,,21324934
3820,,,,,,22496174
3821,,,,,,23081794
3822,,,,,,25014340
3823,,,,,,25089634
3824,,,,,,26762834
3825,,,,,,26771200
3826,,,,,,27189500
3827,,,,,,28444400
3828,,,,,,29113680
3829,,,,,,31364134
3830,,,,,,31364134
3831,,,,,,31372500
3832,,,,,,32619034
3833,,,,,,33422170
3834,,,,,,34300600
3835,,,,,,37647000
3836,,,,,,38901816
3837,,,,,,41821634
3838,,,,,,41821634
3839,,,,,,41830000
3840,,,,,,45134570
3841,,,,,,45168034
3842,,,,,,48522800
3843,,,,,,56470500
3844,,,,,,57298734
3845,,,,,,64828134
3846,,,,,,69019500
3847,,,,,,8533320
3848,,,,,,10457500
3849,,,,,,14222116
3850,,,,,,16481020
3851,,,,,,16606510
3852,,,,,,16731916
3853,,,,,,18815134
3854,,,,,,18823500
3855,,,,,,19149774
3856,,,,,,19158140
3857,,,,,,19990557
3858,,,,,,26352900
3859,,,,,,27189416
3860,,,,,,32209100
3861,,,,,,32209100
3862,,,,,,41821634
3863,,,,,,41821634
3864,,,,,,15058800
3865,,,,,,16305334
3866,,,,,,16974530
3867,,,,,,17978534
3868,,,,,,20070034
3869,,,,,,20488334
3870,,,,,,20488334
3871,,,,,,20747680
3872,,,,,,20915000
3873,,,,,,23843100
3874,,,,,,25089634
3875,,,,,,28360740
3876,,,,,,29272634
3877,,,,,,35053540
3878,,,,,,46013000
3879,,,,,,47602540
3880,,,,,,75285634
3881,,,,,,121307000
3882,,,,,,19241800
3883,,,,,,20070034
3884,,,,,,22579834
3885,,,,,,43486468
3886,,,,,,55131940
3887,,,,,,29197340
3888,,,,,,42248300
3889,,,,,,12967300
3890,,,,,,16732000
3891,,,,,,25089634
3892,,,,,,30954200
3893,,,,,,14715794
3894,,,,,,18396834
3895,,,,,,18396834
3896,,,,,,19233434
3897,,,,,,20070034
3898,,,,,,20162060
3899,,,,,,25089634
3900,,,,,,27189500
3901,,,,,,28436034
3902,,,,,,28862700
3903,,,,,,34718900
3904,,,,,,37228700
3905,,,,,,40575100
3906,,,,,,45124112
3907,,,,,,45929340
3908,,,,,,52287500
3909,,,,,,15887034
3910,,,,,,16313700
3911,,,,,,16732000
3912,,,,,,17978534
3913,,,,,,17986900
3914,,,,,,18815134
3915,,,,,,18823500
3916,,,,,,18823500
3917,,,,,,18982454
3918,,,,,,19660100
3919,,,,,,20078400
3920,,,,,,20915000
3921,,,,,,20915000
3922,,,,,,21324934
3923,,,,,,21333300
3924,,,,,,21743234
3925,,,,,,22161534
3926,,,,,,22169900
3927,,,,,,22579834
3928,,,,,,22579834
3929,,,,,,6692800
3930,,,,,,6692800
3931,,,,,,12967216
3932,,,,,,13594750
3933,,,,,,13971136
3934,,,,,,13971136
3935,,,,,,14213834
3936,,,,,,14222200
3937,,,,,,14473096
3938,,,,,,14724076
3939,,,,,,14724076
3940,,,,,,15727996
3941,,,,,,15887034
3942,,,,,,15895316
3943,,,,,,17150216
3944,,,,,,17401196
3945,,,,,,17484856
3946,,,,,,17903156
3947,,,,,,18154136
3948,,,,,,18237796
3949,,,,,,18279710
3950,,,,,,18321456
3951,,,,,,18321456
3952,,,,,,18823416
3953,,,,,,18823500
3954,,,,,,19241716
3955,,,,,,19576356
3956,,,,,,19660016
3957,,,,,,19869250
3958,,,,,,20070034
3959,,,,,,20070034
3960,,,,,,20161976
3961,,,,,,20245720
3962,,,,,,20496616
3963,,,,,,20747680
3964,,,,,,20914163
3965,,,,,,21333300
3966,,,,,,21333300
3967,,,,,,22587363
3968,,,,,,22755520
3969,,,,,,23005663
3970,,,,,,23006500
3971,,,,,,23154996
3972,,,,,,24094080
3973,,,,,,24679700
3974,,,,,,24804353
3975,,,,,,25089634
3976,,,,,,25093817
3977,,,,,,25177477
3978,,,,,,25344797
3979,,,,,,25934600
3980,,,,,,26101083
3981,,,,,,26227410
3982,,,,,,26352900
3983,,,,,,27189416
3984,,,,,,27599434
3985,,,,,,28444400
3986,,,,,,28444400
3987,,,,,,28778956
3988,,,,,,28862700
3989,,,,,,30097438
3990,,,,,,30954200
3991,,,,,,33380340
3992,,,,,,33453124
3993,,,,,,35346350
3994,,,,,,36726740
3995,,,,,,36768570
3996,,,,,,36802034
3997,,,,,,37647000
3998,,,,,,38046058
3999,,,,,,38274450
4000,,,,,,40156716
4001,,,,,,43921500
4002,,,,,,46004634
4003,,,,,,46013000
4004,,,,,,50196000
4005,,,,,,54360344
4006,,,,,,58478340
4007,,,,,,74373740
4008,,,,,,81150200
4009,,,,,,94117500
4010,,,,,,100392000
4011,,,,,,127581500
4012,,,,,,133856000
4013,,,,,,501960
4014,,,,,,17959543
4015,,,,,,18237796
4016,,,,,,19827336
4017,,,,,,20412956
4018,,,,,,20621353
4019,,,,,,20747596
4020,,,,,,20998660
4021,,,,,,12130616
4022,,,,,,15978976
4023,,,,,,16564596
4024,,,,,,20998576
4025,,,,,,22927441
4026,,,,,,23424716
4027,,,,,,25089634
4028,,,,,,25098000
4029,,,,,,25098000
4030,,,,,,25111804
4031,,,,,,25333503
4032,,,,,,25374078
4033,,,,,,25468196
4034,,,,,,25500823
4035,,,,,,25516300
4036,,,,,,25599876
4037,,,,,,25744106
4038,,,,,,25808692
4039,,,,,,25899044
4040,,,,,,25934600
4041,,,,,,25934600
4042,,,,,,26242469
4043,,,,,,26352816
4044,,,,,,26352900
4045,,,,,,26352900
4046,,,,,,26498887
4047,,,,,,26771200
4048,,,,,,26938520
4049,,,,,,30117600
4050,,,,,,96125340
4051,,,,,,18321456
4052,,,,,,19325376
4053,,,,,,19994656
4054,,,,,,20329296
4055,,,,,,20496700
4056,,,,,,22001743
